Date;Tile
20230316;48PWQ
20231221;48PWQ
20231216;48PWQ
20230405;48PWT
20231226;48PWT
20231221;48PWT
20231211;48PWT
20230902;48PWT
20230204;48PWT
20231228;48PYS
20231223;48PYS
20231218;48PYS
20231213;48PYS
20230924;48PYS
20230216;48PYS
20231224;48PWA
20231221;48PWA
20231219;48PWA
20231214;48PWA
20231201;48PWA
20230212;48PWA
20230622;48PWA
20230311;48PWA
20230721;48PXU
20231012;48PXU
20230112;48PXU
20231228;48PXU
20231226;48PXU
20231223;48PXU
20231221;48PXU
20231218;48PXU
20231216;48PXU
20231208;48PXU
20230224;48PXU
20230621;48PXR
20231002;48PXR
20231226;48PXR
20231223;48PXR
20231221;48PXR
20231211;48PXR
20231208;48PXR
20230904;48PXR
20230505;48PXR
20231229;48PVT
20231226;48PVT
20231221;48PVT
20231219;48PVT
20231216;48PVT
20230518;48PVT
20230709;48PVT
20230105;48PVT
20230905;48PVT
20230512;48PYR
20231218;48PYR
20231213;48PYR
20230318;48PYR
20230929;48PYR
20230127;48PYR
20231017;48PWR
20231226;48PWR
20231221;48PWR
20231216;48PWR
20230224;48PWU
20230301;48PWU
20230115;48PWU
20231226;48PWU
20231221;48PWU
20231005;48PUV
20230905;48PUV
20231224;48PUV
20231219;48PUV
20231214;48PUV
20231209;48PUV
20231126;48PWV
20231022;48PWV
20231221;48PWV
20231216;48PWV
20230616;48PXT
20231223;48PXT
20231221;48PXT
20231218;48PXT
20230120;48PXT
20231014;48PXT
20230924;48PXT
20230427;48PXT
20230221;48PYQ
20230502;48PYQ
20231009;48PYQ
20231223;48PYQ
20231218;48PYQ
20230412;48PYQ
20230927;48PXQ
20230716;48PXQ
20230201;48PXQ
20230520;48PXQ
20230810;48PXQ
20231226;48PXQ
20231221;48PXQ
20231218;48PXQ
20231213;48PXQ
20231208;48PXQ
20230621;48PXQ
20230927;48PWS
20231226;48PWS
20231226;48PWS
20231221;48PWS
20230729;48PWS
20231017;48PXV
20231221;48PXV
20231211;48PXV
20230724;48PVU
20230602;48PVU
20230224;48PVU
20231226;48PVU
20231221;48PVU
20231219;48PVU
20231214;48PVU
20231211;48PVU
20231204;48PVU
20230806;48PVU
20230609;48PYT
20231228;48PYT
20231226;48PYT
20231223;48PYT
20231221;48PYT
20231218;48PYT
20231206;48PYT
20230914;48PYT
20230107;48PYT
20230407;48PYT
20230711;48PYT
20231012;48PWB
20230115;48PWB
20230326;48PWB
20231229;48PWB
20231226;48PWB
20231221;48PWB
20231219;48PWB
20231216;48PWB
20231214;48PWB
20231206;48PWB
20231204;48PWB
20230513;48PVV
20230818;48PVV
20230306;48PVV
20230103;48PVV
20231229;48PVV
20231226;48PVV
20231224;48PVV
20231221;48PVV
20231219;48PVV
20231219;48PVV
20231214;48PVV
20230621;48PXS
20230130;48PXS
20231004;48PXS
20231228;48PXS
20231226;48PXS
20231223;48PXS
20231221;48PXS
20231218;48PXS
20231213;48PXS
20230420;48PXS
20230922;48PXS
20211113;48PXR
20210721;48PYR
20210328;48PYR
20210810;48PYR
20210417;48PYR
20210313;48PYQ
20210517;48PYQ
20211009;48PYQ
20210107;48PYQ
20210929;48PXQ
20210709;48PXQ
20210110;48PXQ
20210823;48PXQ
20210410;48PXQ
20211027;48PXQ
20210616;48PXQ
20211101;48PXQ
20220805;48PYS
20220117;48PXU
20220815;48PXR
20220826;48PVT
20220512;48PYR
20221218;48PYR
20220825;48PYR
20220904;48PYR
20220107;48PYR
20220308;48PYQ
20220512;48PYQ
20221024;48PYQ
20220127;48PYQ
20220316;48PXQ
20220907;48PXQ
20220221;48PXQ
20220110;48PXQ
20220828;48PXQ
20220415;48PXQ
20221022;48PXQ
20220609;48PXQ
20221022;48PWS
20200324;48PWA
20200207;48PYR
20201108;48PYR
20200830;48PYR
20201004;48PYR
20200123;48PYR
20200217;48PYQ
20200621;48PYQ
20200929;48PYQ
20200417;48PYQ
20200927;48PXQ
20200714;48PXQ
20200202;48PXQ
20200522;48PXQ
20200810;48PXQ
20201221;48PXQ
20201007;48PXQ
20201123;48PXQ
20200314;48PWB
20200306;48PWB
20190218;48PWA
20190215;48PXU
20191001;48PVT
20190508;48PYR
20191124;48PYR
20191209;48PYR
20190816;48PYR
20190423;48PYR
20190222;48PXT
20190207;48PYQ
20190217;48PYQ
20190607;48PYQ
20190910;48PYQ
20190403;48PYQ
20190309;48PXQ
20190913;48PXQ
20190720;48PXQ
20190225;48PXQ
20190205;48PXQ
20190111;48PXQ
20190501;48PXQ
20190811;48PXQ
20190418;48PXQ
20191202;48PXQ
20191227;48PXQ
20191013;48PXQ
20190617;48PXQ
20191107;48PXQ
20191127;48PXQ
20190222;48PYT
20190205;48PWB
20180202;48PYR
20180712;48PYR
20181229;48PYR
20180319;48PYR
20180607;48PYR
20180925;48PYR
20181005;48PYR
20180118;48PYR
20180329;48PYQ
20180217;48PYQ
20180801;48PYQ
20180617;48PYQ
20181025;48PYQ
20180905;48PYQ
20180329;48PXQ
20180913;48PXQ
20180705;48PXQ
20180222;48PXQ
20180518;48PXQ
20180806;48PXQ
20181227;48PXQ
20181015;48PXQ
20180607;48PXQ
20180617;48PXQ
20181114;48PXQ
20150820;48PWT
20151115;48PXR
20150909;48PWR
20151115;48PXT
20151205;48PXQ
20150929;48PVU
20151128;48PVV
20150919;48PXS
20170518;48PYR
20171224;48PYR
20170806;48PYR
20170920;48PYR
20170128;48PYR
20170717;48PYQ
20170322;48PXQ
20170210;48PXQ
20170108;48PXQ
20170411;48PXQ
20171212;48PXQ
20171013;48PXQ
20160314;48PYS
20160317;48PWA
20160712;48PYR
20161020;48PYR
20161119;48PYQ
20160513;48PYQ
20160304;48PXQ
20160814;48PXQ
20160622;48PXQ
20160317;48PYT
20160608;48PWB
