Tile;Date
48PWQ;20150820
48PWQ;20150810
48PWQ;20150909
48PWQ;20160117
48PWQ;20160216
48PWQ;20160317
48PWQ;20160426
48PWQ;20160416
48PWQ;20160526
48PWQ;20160506
48PWQ;20160625
48PWQ;20160615
48PWQ;20160725
48PWQ;20160715
48PWQ;20160824
48PWQ;20160814
48PWQ;20160804
48PWQ;20160923
48PWQ;20160913
48PWQ;20160903
48PWQ;20161023
48PWQ;20161013
48PWQ;20161003
48PWQ;20161122
48PWQ;20161112
48PWQ;20161102
48PWQ;20170111
48PWQ;20170101
48PWQ;20170220
48PWQ;20170210
48PWQ;20170322
48PWQ;20170312
48PWQ;20170302
48PWQ;20170421
48PWQ;20170411
48PWQ;20170401
48PWQ;20170521
48PWQ;20170511
48PWQ;20170501
48PWQ;20170620
48PWQ;20170610
48PWQ;20170730
48PWQ;20170725
48PWQ;20170720
48PWQ;20170710
48PWQ;20170705
48PWQ;20170829
48PWQ;20170824
48PWQ;20170819
48PWQ;20170814
48PWQ;20170809
48PWQ;20170804
48PWQ;20170928
48PWQ;20170923
48PWQ;20170908
48PWQ;20170903
48PWQ;20171028
48PWQ;20171018
48PWQ;20171013
48PWQ;20171008
48PWQ;20171127
48PWQ;20171122
48PWQ;20171117
48PWQ;20171112
48PWQ;20171107
48PWQ;20171102
48PWQ;20180126
48PWQ;20180121
48PWQ;20180111
48PWQ;20180111
48PWQ;20180106
48PWQ;20180101
48PWQ;20180327
48PWQ;20180322
48PWQ;20180317
48PWQ;20180312
48PWQ;20180307
48PWQ;20180302
48PWQ;20180426
48PWQ;20180421
48PWQ;20180416
48PWQ;20180411
48PWQ;20180406
48PWQ;20180401
48PWQ;20180526
48PWQ;20180521
48PWQ;20180516
48PWQ;20180511
48PWQ;20180506
48PWQ;20180501
48PWQ;20180625
48PWQ;20180620
48PWQ;20180615
48PWQ;20180610
48PWQ;20180605
48PWQ;20180730
48PWQ;20180725
48PWQ;20180720
48PWQ;20180715
48PWQ;20180710
48PWQ;20180705
48PWQ;20180829
48PWQ;20180824
48PWQ;20180819
48PWQ;20180814
48PWQ;20180809
48PWQ;20180804
48PWQ;20180928
48PWQ;20180918
48PWQ;20180913
48PWQ;20180908
48PWQ;20180903
48PWQ;20181028
48PWQ;20181023
48PWQ;20181013
48PWQ;20181008
48PWQ;20181003
48PWQ;20181127
48PWQ;20181127
48PWQ;20181122
48PWQ;20181117
48PWQ;20181112
48PWQ;20181107
48PWQ;20181102
48PWQ;20190126
48PWQ;20190121
48PWQ;20190116
48PWQ;20190111
48PWQ;20190106
48PWQ;20190101
48PWQ;20190225
48PWQ;20190220
48PWQ;20190215
48PWQ;20190210
48PWQ;20190205
48PWQ;20190327
48PWQ;20190322
48PWQ;20190317
48PWQ;20190312
48PWQ;20190302
48PWQ;20190426
48PWQ;20190421
48PWQ;20190416
48PWQ;20190411
48PWQ;20190406
48PWQ;20190401
48PWQ;20190526
48PWQ;20190521
48PWQ;20190516
48PWQ;20190511
48PWQ;20190506
48PWQ;20190501
48PWQ;20190625
48PWQ;20190620
48PWQ;20190615
48PWQ;20190610
48PWQ;20190605
48PWQ;20190730
48PWQ;20190725
48PWQ;20190720
48PWQ;20190715
48PWQ;20190710
48PWQ;20190705
48PWQ;20190829
48PWQ;20190819
48PWQ;20190814
48PWQ;20190809
48PWQ;20190804
48PWQ;20190928
48PWQ;20190923
48PWQ;20190918
48PWQ;20190913
48PWQ;20190908
48PWQ;20190903
48PWQ;20191028
48PWQ;20191023
48PWQ;20191018
48PWQ;20191013
48PWQ;20191008
48PWQ;20191127
48PWQ;20191122
48PWQ;20191117
48PWQ;20191112
48PWQ;20191107
48PWQ;20200126
48PWQ;20200121
48PWQ;20200116
48PWQ;20200111
48PWQ;20200106
48PWQ;20200101
48PWQ;20200225
48PWQ;20200220
48PWQ;20200215
48PWQ;20200210
48PWQ;20200205
48PWQ;20200326
48PWQ;20200321
48PWQ;20200316
48PWQ;20200311
48PWQ;20200306
48PWQ;20200301
48PWQ;20200420
48PWQ;20200415
48PWQ;20200410
48PWQ;20200405
48PWQ;20200515
48PWQ;20200505
48PWQ;20200629
48PWQ;20201116
48PWQ;20201111
48PWQ;20210130
48PWQ;20210120
48PWQ;20210115
48PWQ;20210204
48PWQ;20210326
48PWQ;20210321
48PWQ;20210306
48PWQ;20210515
48PWQ;20210510
48PWQ;20210729
48PWQ;20210828
48PWQ;20210912
48PWR;20150820
48PWR;20150810
48PWR;20150909
48PWR;20160117
48PWR;20160216
48PWR;20160317
48PWR;20160426
48PWR;20160426
48PWR;20160416
48PWR;20160526
48PWR;20160506
48PWR;20160625
48PWR;20160615
48PWR;20160725
48PWR;20160715
48PWR;20160923
48PWR;20160913
48PWR;20160903
48PWR;20161023
48PWR;20161013
48PWR;20161003
48PWR;20161122
48PWR;20161112
48PWR;20161102
48PWR;20170111
48PWR;20170101
48PWR;20170210
48PWR;20170322
48PWR;20170312
48PWR;20170302
48PWR;20170421
48PWR;20170411
48PWR;20170401
48PWR;20170521
48PWR;20170511
48PWR;20170501
48PWR;20170620
48PWR;20170610
48PWR;20170730
48PWR;20170725
48PWR;20170720
48PWR;20170715
48PWR;20170710
48PWR;20170705
48PWR;20170829
48PWR;20170824
48PWR;20170819
48PWR;20170814
48PWR;20170809
48PWR;20170804
48PWR;20170928
48PWR;20170923
48PWR;20170918
48PWR;20170913
48PWR;20170908
48PWR;20170903
48PWR;20171028
48PWR;20171023
48PWR;20171018
48PWR;20171013
48PWR;20171008
48PWR;20171003
48PWR;20171127
48PWR;20171122
48PWR;20171117
48PWR;20171117
48PWR;20171112
48PWR;20171107
48PWR;20171102
48PWR;20180126
48PWR;20180126
48PWR;20180121
48PWR;20180111
48PWR;20180106
48PWR;20180101
48PWR;20180225
48PWR;20180220
48PWR;20180215
48PWR;20180210
48PWR;20180327
48PWR;20180322
48PWR;20180317
48PWR;20180312
48PWR;20180307
48PWR;20180302
48PWR;20180302
48PWR;20180426
48PWR;20180421
48PWR;20180416
48PWR;20180411
48PWR;20180406
48PWR;20180401
48PWR;20180526
48PWR;20180521
48PWR;20180516
48PWR;20180511
48PWR;20180506
48PWR;20180501
48PWR;20180625
48PWR;20180620
48PWR;20180615
48PWR;20180610
48PWR;20180605
48PWR;20180725
48PWR;20180720
48PWR;20180715
48PWR;20180710
48PWR;20180705
48PWR;20180829
48PWR;20180824
48PWR;20180819
48PWR;20180814
48PWR;20180809
48PWR;20180804
48PWR;20180928
48PWR;20180918
48PWR;20180913
48PWR;20180908
48PWR;20180903
48PWR;20181028
48PWR;20181023
48PWR;20181018
48PWR;20181013
48PWR;20181008
48PWR;20181003
48PWR;20181127
48PWR;20181122
48PWR;20181117
48PWR;20181112
48PWR;20181107
48PWR;20181102
48PWR;20190126
48PWR;20190121
48PWR;20190116
48PWR;20190111
48PWR;20190106
48PWR;20190101
48PWR;20190225
48PWR;20190220
48PWR;20190215
48PWR;20190210
48PWR;20190205
48PWR;20190327
48PWR;20190322
48PWR;20190317
48PWR;20190312
48PWR;20190302
48PWR;20190426
48PWR;20190421
48PWR;20190416
48PWR;20190411
48PWR;20190406
48PWR;20190401
48PWR;20190526
48PWR;20190521
48PWR;20190516
48PWR;20190511
48PWR;20190506
48PWR;20190501
48PWR;20190625
48PWR;20190620
48PWR;20190615
48PWR;20190610
48PWR;20190605
48PWR;20190730
48PWR;20190725
48PWR;20190720
48PWR;20190715
48PWR;20190710
48PWR;20190705
48PWR;20190829
48PWR;20190824
48PWR;20190819
48PWR;20190814
48PWR;20190809
48PWR;20190804
48PWR;20190923
48PWR;20190918
48PWR;20190913
48PWR;20190908
48PWR;20190908
48PWR;20190903
48PWR;20191028
48PWR;20191023
48PWR;20191018
48PWR;20191013
48PWR;20191008
48PWR;20191127
48PWR;20191122
48PWR;20191117
48PWR;20191112
48PWR;20191107
48PWR;20200126
48PWR;20200121
48PWR;20200116
48PWR;20200111
48PWR;20200101
48PWR;20200225
48PWR;20200220
48PWR;20200215
48PWR;20200210
48PWR;20200205
48PWR;20200326
48PWR;20200321
48PWR;20200316
48PWR;20200311
48PWR;20200306
48PWR;20200301
48PWR;20200420
48PWR;20200415
48PWR;20200410
48PWR;20200405
48PWR;20200515
48PWR;20200505
48PWR;20200629
48PWR;20201116
48PWR;20201111
48PWR;20210130
48PWR;20210125
48PWR;20210120
48PWR;20210115
48PWR;20210204
48PWR;20210326
48PWR;20210321
48PWR;20210306
48PWR;20210515
48PWR;20210510
48PWR;20210729
48PWR;20210828
48PWR;20210912
48PXR;20150820
48PXR;20150810
48PXR;20150929
48PXR;20150909
48PXR;20151118
48PXR;20151115
48PXR;20160117
48PXR;20160104
48PXR;20160216
48PXR;20160317
48PXR;20160307
48PXR;20160304
48PXR;20160304
48PXR;20160426
48PXR;20160426
48PXR;20160416
48PXR;20160403
48PXR;20160526
48PXR;20160513
48PXR;20160506
48PXR;20160625
48PXR;20160622
48PXR;20160615
48PXR;20160602
48PXR;20160725
48PXR;20160715
48PXR;20160712
48PXR;20160824
48PXR;20160821
48PXR;20160814
48PXR;20160804
48PXR;20160801
48PXR;20160923
48PXR;20160913
48PXR;20160910
48PXR;20160903
48PXR;20161030
48PXR;20161023
48PXR;20161020
48PXR;20161013
48PXR;20161003
48PXR;20161122
48PXR;20161119
48PXR;20161112
48PXR;20161109
48PXR;20161102
48PXR;20170128
48PXR;20170118
48PXR;20170111
48PXR;20170108
48PXR;20170101
48PXR;20170227
48PXR;20170220
48PXR;20170210
48PXR;20170207
48PXR;20170322
48PXR;20170319
48PXR;20170312
48PXR;20170302
48PXR;20170428
48PXR;20170421
48PXR;20170411
48PXR;20170408
48PXR;20170401
48PXR;20170521
48PXR;20170518
48PXR;20170511
48PXR;20170501
48PXR;20170627
48PXR;20170620
48PXR;20170610
48PXR;20170607
48PXR;20170730
48PXR;20170725
48PXR;20170720
48PXR;20170717
48PXR;20170715
48PXR;20170712
48PXR;20170710
48PXR;20170705
48PXR;20170829
48PXR;20170826
48PXR;20170824
48PXR;20170821
48PXR;20170819
48PXR;20170814
48PXR;20170809
48PXR;20170806
48PXR;20170804
48PXR;20170801
48PXR;20170928
48PXR;20170923
48PXR;20170915
48PXR;20170910
48PXR;20170910
48PXR;20170908
48PXR;20171030
48PXR;20171028
48PXR;20171025
48PXR;20171023
48PXR;20171020
48PXR;20171018
48PXR;20171013
48PXR;20171008
48PXR;20171005
48PXR;20171003
48PXR;20171129
48PXR;20171127
48PXR;20171122
48PXR;20171119
48PXR;20171117
48PXR;20171114
48PXR;20171112
48PXR;20171109
48PXR;20171107
48PXR;20171102
48PXR;20180128
48PXR;20180126
48PXR;20180121
48PXR;20180118
48PXR;20180113
48PXR;20180111
48PXR;20180108
48PXR;20180106
48PXR;20180101
48PXR;20180227
48PXR;20180225
48PXR;20180222
48PXR;20180220
48PXR;20180217
48PXR;20180215
48PXR;20180212
48PXR;20180210
48PXR;20180207
48PXR;20180202
48PXR;20180329
48PXR;20180327
48PXR;20180324
48PXR;20180322
48PXR;20180319
48PXR;20180317
48PXR;20180314
48PXR;20180312
48PXR;20180309
48PXR;20180307
48PXR;20180302
48PXR;20180428
48PXR;20180426
48PXR;20180423
48PXR;20180421
48PXR;20180418
48PXR;20180416
48PXR;20180413
48PXR;20180411
48PXR;20180408
48PXR;20180406
48PXR;20180403
48PXR;20180401
48PXR;20180528
48PXR;20180526
48PXR;20180523
48PXR;20180521
48PXR;20180518
48PXR;20180513
48PXR;20180511
48PXR;20180508
48PXR;20180506
48PXR;20180501
48PXR;20180627
48PXR;20180625
48PXR;20180622
48PXR;20180620
48PXR;20180617
48PXR;20180615
48PXR;20180612
48PXR;20180610
48PXR;20180607
48PXR;20180605
48PXR;20180602
48PXR;20180730
48PXR;20180727
48PXR;20180725
48PXR;20180722
48PXR;20180720
48PXR;20180715
48PXR;20180712
48PXR;20180710
48PXR;20180707
48PXR;20180705
48PXR;20180829
48PXR;20180826
48PXR;20180824
48PXR;20180821
48PXR;20180819
48PXR;20180816
48PXR;20180814
48PXR;20180811
48PXR;20180809
48PXR;20180806
48PXR;20180804
48PXR;20180801
48PXR;20180928
48PXR;20180925
48PXR;20180918
48PXR;20180915
48PXR;20180913
48PXR;20180910
48PXR;20180908
48PXR;20180905
48PXR;20180903
48PXR;20181030
48PXR;20181028
48PXR;20181025
48PXR;20181023
48PXR;20181020
48PXR;20181015
48PXR;20181015
48PXR;20181013
48PXR;20181010
48PXR;20181008
48PXR;20181005
48PXR;20181003
48PXR;20181129
48PXR;20181127
48PXR;20181124
48PXR;20181122
48PXR;20181119
48PXR;20181117
48PXR;20181114
48PXR;20181112
48PXR;20181109
48PXR;20181107
48PXR;20181104
48PXR;20181102
48PXR;20190128
48PXR;20190126
48PXR;20190123
48PXR;20190121
48PXR;20190118
48PXR;20190116
48PXR;20190113
48PXR;20190111
48PXR;20190108
48PXR;20190106
48PXR;20190103
48PXR;20190101
48PXR;20190227
48PXR;20190225
48PXR;20190222
48PXR;20190220
48PXR;20190217
48PXR;20190215
48PXR;20190212
48PXR;20190210
48PXR;20190207
48PXR;20190205
48PXR;20190202
48PXR;20190329
48PXR;20190327
48PXR;20190324
48PXR;20190322
48PXR;20190319
48PXR;20190317
48PXR;20190314
48PXR;20190312
48PXR;20190309
48PXR;20190304
48PXR;20190302
48PXR;20190428
48PXR;20190426
48PXR;20190423
48PXR;20190421
48PXR;20190418
48PXR;20190416
48PXR;20190413
48PXR;20190411
48PXR;20190408
48PXR;20190406
48PXR;20190403
48PXR;20190401
48PXR;20190528
48PXR;20190526
48PXR;20190523
48PXR;20190521
48PXR;20190518
48PXR;20190516
48PXR;20190513
48PXR;20190511
48PXR;20190508
48PXR;20190506
48PXR;20190503
48PXR;20190501
48PXR;20190627
48PXR;20190625
48PXR;20190622
48PXR;20190620
48PXR;20190617
48PXR;20190615
48PXR;20190612
48PXR;20190610
48PXR;20190607
48PXR;20190605
48PXR;20190602
48PXR;20190730
48PXR;20190727
48PXR;20190725
48PXR;20190722
48PXR;20190720
48PXR;20190717
48PXR;20190712
48PXR;20190710
48PXR;20190707
48PXR;20190705
48PXR;20190702
48PXR;20190829
48PXR;20190826
48PXR;20190824
48PXR;20190821
48PXR;20190819
48PXR;20190816
48PXR;20190814
48PXR;20190811
48PXR;20190809
48PXR;20190806
48PXR;20190804
48PXR;20190801
48PXR;20190928
48PXR;20190925
48PXR;20190923
48PXR;20190920
48PXR;20190918
48PXR;20190915
48PXR;20190913
48PXR;20190910
48PXR;20190908
48PXR;20190908
48PXR;20190905
48PXR;20190903
48PXR;20191030
48PXR;20191028
48PXR;20191025
48PXR;20191023
48PXR;20191020
48PXR;20191018
48PXR;20191015
48PXR;20191013
48PXR;20191010
48PXR;20191008
48PXR;20191005
48PXR;20191129
48PXR;20191127
48PXR;20191124
48PXR;20191122
48PXR;20191119
48PXR;20191117
48PXR;20191114
48PXR;20191112
48PXR;20191109
48PXR;20191107
48PXR;20191104
48PXR;20200128
48PXR;20200126
48PXR;20200123
48PXR;20200121
48PXR;20200118
48PXR;20200118
48PXR;20200116
48PXR;20200113
48PXR;20200111
48PXR;20200108
48PXR;20200106
48PXR;20200103
48PXR;20200101
48PXR;20200227
48PXR;20200225
48PXR;20200220
48PXR;20200215
48PXR;20200212
48PXR;20200210
48PXR;20200207
48PXR;20200205
48PXR;20200328
48PXR;20200326
48PXR;20200323
48PXR;20200321
48PXR;20200318
48PXR;20200318
48PXR;20200316
48PXR;20200313
48PXR;20200311
48PXR;20200308
48PXR;20200427
48PXR;20200420
48PXR;20200417
48PXR;20200415
48PXR;20200412
48PXR;20200410
48PXR;20200407
48PXR;20200405
48PXR;20200402
48PXR;20200515
48PXR;20200512
48PXR;20200505
48PXR;20200502
48PXR;20200629
48PXR;20201014
48PXR;20201118
48PXR;20201116
48PXR;20201111
48PXR;20210130
48PXR;20210125
48PXR;20210120
48PXR;20210115
48PXR;20210107
48PXR;20210204
48PXR;20210201
48PXR;20210326
48PXR;20210321
48PXR;20210306
48PXR;20210515
48PXR;20210512
48PXR;20210510
48PXR;20210507
48PXR;20210729
48PXR;20210726
48PXR;20210716
48PXR;20210828
48PXR;20210912
48PWS;20150820
48PWS;20150810
48PWS;20150929
48PWS;20150919
48PWS;20150909
48PWS;20151128
48PWS;20151118
48PWS;20160117
48PWS;20160107
48PWS;20160216
48PWS;20160206
48PWS;20160317
48PWS;20160307
48PWS;20160426
48PWS;20160416
48PWS;20160406
48PWS;20160526
48PWS;20160516
48PWS;20160506
48PWS;20160625
48PWS;20160615
48PWS;20160605
48PWS;20160725
48PWS;20160715
48PWS;20160824
48PWS;20160814
48PWS;20160804
48PWS;20160923
48PWS;20160913
48PWS;20160903
48PWS;20161023
48PWS;20161013
48PWS;20161003
48PWS;20161122
48PWS;20161112
48PWS;20170111
48PWS;20170101
48PWS;20170220
48PWS;20170210
48PWS;20170322
48PWS;20170312
48PWS;20170302
48PWS;20170421
48PWS;20170411
48PWS;20170401
48PWS;20170521
48PWS;20170511
48PWS;20170501
48PWS;20170620
48PWS;20170610
48PWS;20170730
48PWS;20170725
48PWS;20170720
48PWS;20170715
48PWS;20170710
48PWS;20170705
48PWS;20170829
48PWS;20170824
48PWS;20170819
48PWS;20170814
48PWS;20170809
48PWS;20170804
48PWS;20170928
48PWS;20170923
48PWS;20170918
48PWS;20170908
48PWS;20171028
48PWS;20171023
48PWS;20171018
48PWS;20171013
48PWS;20171013
48PWS;20171008
48PWS;20171003
48PWS;20171127
48PWS;20171122
48PWS;20171117
48PWS;20171112
48PWS;20171107
48PWS;20171102
48PWS;20180126
48PWS;20180121
48PWS;20180116
48PWS;20180111
48PWS;20180106
48PWS;20180101
48PWS;20180101
48PWS;20180225
48PWS;20180220
48PWS;20180215
48PWS;20180210
48PWS;20180205
48PWS;20180327
48PWS;20180322
48PWS;20180317
48PWS;20180317
48PWS;20180312
48PWS;20180307
48PWS;20180302
48PWS;20180426
48PWS;20180426
48PWS;20180421
48PWS;20180416
48PWS;20180411
48PWS;20180406
48PWS;20180401
48PWS;20180526
48PWS;20180521
48PWS;20180511
48PWS;20180506
48PWS;20180501
48PWS;20180625
48PWS;20180620
48PWS;20180615
48PWS;20180610
48PWS;20180605
48PWS;20180730
48PWS;20180725
48PWS;20180720
48PWS;20180715
48PWS;20180710
48PWS;20180705
48PWS;20180829
48PWS;20180824
48PWS;20180819
48PWS;20180814
48PWS;20180809
48PWS;20180804
48PWS;20180928
48PWS;20180918
48PWS;20180913
48PWS;20180908
48PWS;20180903
48PWS;20181028
48PWS;20181023
48PWS;20181018
48PWS;20181013
48PWS;20181008
48PWS;20181003
48PWS;20181127
48PWS;20181122
48PWS;20181117
48PWS;20181112
48PWS;20181107
48PWS;20181102
48PWS;20190126
48PWS;20190121
48PWS;20190116
48PWS;20190111
48PWS;20190106
48PWS;20190101
48PWS;20190225
48PWS;20190220
48PWS;20190215
48PWS;20190210
48PWS;20190205
48PWS;20190327
48PWS;20190322
48PWS;20190317
48PWS;20190312
48PWS;20190302
48PWS;20190426
48PWS;20190421
48PWS;20190416
48PWS;20190411
48PWS;20190406
48PWS;20190401
48PWS;20190526
48PWS;20190521
48PWS;20190521
48PWS;20190516
48PWS;20190511
48PWS;20190506
48PWS;20190501
48PWS;20190625
48PWS;20190620
48PWS;20190615
48PWS;20190610
48PWS;20190605
48PWS;20190730
48PWS;20190725
48PWS;20190720
48PWS;20190720
48PWS;20190715
48PWS;20190710
48PWS;20190705
48PWS;20190829
48PWS;20190819
48PWS;20190814
48PWS;20190809
48PWS;20190804
48PWS;20190923
48PWS;20190918
48PWS;20190913
48PWS;20190908
48PWS;20190903
48PWS;20191028
48PWS;20191023
48PWS;20191018
48PWS;20191013
48PWS;20191008
48PWS;20191127
48PWS;20191122
48PWS;20191117
48PWS;20191112
48PWS;20191107
48PWS;20200126
48PWS;20200121
48PWS;20200116
48PWS;20200111
48PWS;20200106
48PWS;20200101
48PWS;20200225
48PWS;20200220
48PWS;20200215
48PWS;20200210
48PWS;20200205
48PWS;20200326
48PWS;20200321
48PWS;20200316
48PWS;20200311
48PWS;20200306
48PWS;20200301
48PWS;20200420
48PWS;20200415
48PWS;20200410
48PWS;20200405
48PWS;20200515
48PWS;20200505
48PWS;20200629
48PWS;20201116
48PWS;20201111
48PWS;20210130
48PWS;20210125
48PWS;20210115
48PWS;20210204
48PWS;20210326
48PWS;20210321
48PWS;20210306
48PWS;20210515
48PWS;20210510
48PWS;20210729
48PWS;20210828
48PWS;20210912
48PXS;20150820
48PXS;20150810
48PXS;20150929
48PXS;20150919
48PXS;20150909
48PXS;20151128
48PXS;20151118
48PXS;20151115
48PXS;20160124
48PXS;20160117
48PXS;20160114
48PXS;20160107
48PXS;20160104
48PXS;20160216
48PXS;20160213
48PXS;20160206
48PXS;20160324
48PXS;20160317
48PXS;20160314
48PXS;20160307
48PXS;20160304
48PXS;20160426
48PXS;20160423
48PXS;20160416
48PXS;20160413
48PXS;20160406
48PXS;20160403
48PXS;20160526
48PXS;20160523
48PXS;20160516
48PXS;20160513
48PXS;20160506
48PXS;20160503
48PXS;20160625
48PXS;20160622
48PXS;20160615
48PXS;20160612
48PXS;20160605
48PXS;20160602
48PXS;20160725
48PXS;20160722
48PXS;20160715
48PXS;20160712
48PXS;20160702
48PXS;20160824
48PXS;20160821
48PXS;20160814
48PXS;20160811
48PXS;20160804
48PXS;20160801
48PXS;20160923
48PXS;20160920
48PXS;20160913
48PXS;20160910
48PXS;20160903
48PXS;20161030
48PXS;20161023
48PXS;20161020
48PXS;20161013
48PXS;20161010
48PXS;20161003
48PXS;20161129
48PXS;20161122
48PXS;20161119
48PXS;20161112
48PXS;20161109
48PXS;20161102
48PXS;20170128
48PXS;20170118
48PXS;20170111
48PXS;20170108
48PXS;20170101
48PXS;20170227
48PXS;20170220
48PXS;20170217
48PXS;20170210
48PXS;20170207
48PXS;20170329
48PXS;20170322
48PXS;20170319
48PXS;20170312
48PXS;20170309
48PXS;20170302
48PXS;20170421
48PXS;20170418
48PXS;20170411
48PXS;20170408
48PXS;20170401
48PXS;20170528
48PXS;20170521
48PXS;20170518
48PXS;20170511
48PXS;20170508
48PXS;20170501
48PXS;20170627
48PXS;20170620
48PXS;20170617
48PXS;20170610
48PXS;20170607
48PXS;20170730
48PXS;20170725
48PXS;20170722
48PXS;20170720
48PXS;20170717
48PXS;20170715
48PXS;20170712
48PXS;20170710
48PXS;20170707
48PXS;20170705
48PXS;20170829
48PXS;20170826
48PXS;20170824
48PXS;20170821
48PXS;20170819
48PXS;20170816
48PXS;20170814
48PXS;20170811
48PXS;20170809
48PXS;20170806
48PXS;20170804
48PXS;20170801
48PXS;20170928
48PXS;20170925
48PXS;20170923
48PXS;20170920
48PXS;20170918
48PXS;20170915
48PXS;20170910
48PXS;20170908
48PXS;20170905
48PXS;20171030
48PXS;20171028
48PXS;20171025
48PXS;20171023
48PXS;20171020
48PXS;20171018
48PXS;20171015
48PXS;20171013
48PXS;20171013
48PXS;20171010
48PXS;20171008
48PXS;20171005
48PXS;20171003
48PXS;20171129
48PXS;20171127
48PXS;20171124
48PXS;20171122
48PXS;20171119
48PXS;20171117
48PXS;20171114
48PXS;20171112
48PXS;20171109
48PXS;20171107
48PXS;20171104
48PXS;20171102
48PXS;20180128
48PXS;20180126
48PXS;20180123
48PXS;20180121
48PXS;20180118
48PXS;20180116
48PXS;20180113
48PXS;20180111
48PXS;20180108
48PXS;20180106
48PXS;20180103
48PXS;20180101
48PXS;20180101
48PXS;20180227
48PXS;20180225
48PXS;20180222
48PXS;20180220
48PXS;20180217
48PXS;20180215
48PXS;20180212
48PXS;20180210
48PXS;20180207
48PXS;20180205
48PXS;20180202
48PXS;20180329
48PXS;20180327
48PXS;20180322
48PXS;20180319
48PXS;20180317
48PXS;20180317
48PXS;20180314
48PXS;20180312
48PXS;20180309
48PXS;20180307
48PXS;20180304
48PXS;20180302
48PXS;20180428
48PXS;20180426
48PXS;20180426
48PXS;20180423
48PXS;20180421
48PXS;20180418
48PXS;20180416
48PXS;20180413
48PXS;20180411
48PXS;20180408
48PXS;20180406
48PXS;20180403
48PXS;20180401
48PXS;20180528
48PXS;20180526
48PXS;20180523
48PXS;20180521
48PXS;20180518
48PXS;20180516
48PXS;20180513
48PXS;20180511
48PXS;20180508
48PXS;20180506
48PXS;20180501
48PXS;20180627
48PXS;20180625
48PXS;20180622
48PXS;20180620
48PXS;20180617
48PXS;20180615
48PXS;20180612
48PXS;20180610
48PXS;20180607
48PXS;20180605
48PXS;20180602
48PXS;20180730
48PXS;20180727
48PXS;20180725
48PXS;20180722
48PXS;20180720
48PXS;20180715
48PXS;20180712
48PXS;20180710
48PXS;20180707
48PXS;20180705
48PXS;20180829
48PXS;20180826
48PXS;20180824
48PXS;20180821
48PXS;20180819
48PXS;20180816
48PXS;20180814
48PXS;20180811
48PXS;20180809
48PXS;20180806
48PXS;20180804
48PXS;20180801
48PXS;20180928
48PXS;20180925
48PXS;20180918
48PXS;20180915
48PXS;20180913
48PXS;20180910
48PXS;20180908
48PXS;20180905
48PXS;20180903
48PXS;20181030
48PXS;20181028
48PXS;20181025
48PXS;20181023
48PXS;20181020
48PXS;20181018
48PXS;20181015
48PXS;20181013
48PXS;20181010
48PXS;20181008
48PXS;20181005
48PXS;20181003
48PXS;20181129
48PXS;20181127
48PXS;20181124
48PXS;20181122
48PXS;20181119
48PXS;20181117
48PXS;20181114
48PXS;20181112
48PXS;20181109
48PXS;20181107
48PXS;20181104
48PXS;20181102
48PXS;20190128
48PXS;20190126
48PXS;20190123
48PXS;20190121
48PXS;20190118
48PXS;20190116
48PXS;20190113
48PXS;20190111
48PXS;20190108
48PXS;20190106
48PXS;20190103
48PXS;20190101
48PXS;20190227
48PXS;20190225
48PXS;20190222
48PXS;20190220
48PXS;20190217
48PXS;20190215
48PXS;20190212
48PXS;20190210
48PXS;20190207
48PXS;20190205
48PXS;20190202
48PXS;20190329
48PXS;20190327
48PXS;20190324
48PXS;20190322
48PXS;20190319
48PXS;20190317
48PXS;20190314
48PXS;20190312
48PXS;20190309
48PXS;20190304
48PXS;20190302
48PXS;20190428
48PXS;20190426
48PXS;20190423
48PXS;20190421
48PXS;20190418
48PXS;20190418
48PXS;20190416
48PXS;20190413
48PXS;20190411
48PXS;20190408
48PXS;20190406
48PXS;20190403
48PXS;20190401
48PXS;20190528
48PXS;20190526
48PXS;20190523
48PXS;20190521
48PXS;20190521
48PXS;20190518
48PXS;20190516
48PXS;20190513
48PXS;20190511
48PXS;20190508
48PXS;20190506
48PXS;20190503
48PXS;20190501
48PXS;20190627
48PXS;20190625
48PXS;20190622
48PXS;20190620
48PXS;20190617
48PXS;20190615
48PXS;20190612
48PXS;20190610
48PXS;20190607
48PXS;20190605
48PXS;20190602
48PXS;20190730
48PXS;20190727
48PXS;20190725
48PXS;20190722
48PXS;20190720
48PXS;20190720
48PXS;20190717
48PXS;20190715
48PXS;20190712
48PXS;20190710
48PXS;20190707
48PXS;20190705
48PXS;20190702
48PXS;20190829
48PXS;20190826
48PXS;20190821
48PXS;20190819
48PXS;20190816
48PXS;20190814
48PXS;20190811
48PXS;20190809
48PXS;20190806
48PXS;20190804
48PXS;20190801
48PXS;20190928
48PXS;20190925
48PXS;20190923
48PXS;20190920
48PXS;20190918
48PXS;20190915
48PXS;20190913
48PXS;20190910
48PXS;20190908
48PXS;20190905
48PXS;20190903
48PXS;20191030
48PXS;20191028
48PXS;20191025
48PXS;20191023
48PXS;20191020
48PXS;20191018
48PXS;20191015
48PXS;20191013
48PXS;20191010
48PXS;20191008
48PXS;20191005
48PXS;20191129
48PXS;20191127
48PXS;20191124
48PXS;20191122
48PXS;20191119
48PXS;20191117
48PXS;20191114
48PXS;20191112
48PXS;20191109
48PXS;20191107
48PXS;20191104
48PXS;20200128
48PXS;20200126
48PXS;20200123
48PXS;20200121
48PXS;20200118
48PXS;20200116
48PXS;20200113
48PXS;20200111
48PXS;20200108
48PXS;20200106
48PXS;20200227
48PXS;20200225
48PXS;20200220
48PXS;20200215
48PXS;20200212
48PXS;20200210
48PXS;20200207
48PXS;20200205
48PXS;20200328
48PXS;20200326
48PXS;20200323
48PXS;20200321
48PXS;20200318
48PXS;20200316
48PXS;20200313
48PXS;20200311
48PXS;20200308
48PXS;20200306
48PXS;20200303
48PXS;20200427
48PXS;20200420
48PXS;20200417
48PXS;20200415
48PXS;20200412
48PXS;20200410
48PXS;20200407
48PXS;20200405
48PXS;20200402
48PXS;20200515
48PXS;20200512
48PXS;20200505
48PXS;20200502
48PXS;20200629
48PXS;20201014
48PXS;20201116
48PXS;20210130
48PXS;20210125
48PXS;20210117
48PXS;20210115
48PXS;20210107
48PXS;20210204
48PXS;20210201
48PXS;20210326
48PXS;20210321
48PXS;20210306
48PXS;20210515
48PXS;20210510
48PXS;20210507
48PXS;20210729
48PXS;20210726
48PXS;20210716
48PXS;20210828
48PXS;20210912
48PYS;20151115
48PYS;20160124
48PYS;20160114
48PYS;20160104
48PYS;20160213
48PYS;20160324
48PYS;20160314
48PYS;20160304
48PYS;20160423
48PYS;20160413
48PYS;20160403
48PYS;20160523
48PYS;20160513
48PYS;20160503
48PYS;20160622
48PYS;20160612
48PYS;20160602
48PYS;20160722
48PYS;20160712
48PYS;20160702
48PYS;20160821
48PYS;20160811
48PYS;20160801
48PYS;20160920
48PYS;20160910
48PYS;20161030
48PYS;20161020
48PYS;20161010
48PYS;20161129
48PYS;20161119
48PYS;20161109
48PYS;20170128
48PYS;20170118
48PYS;20170108
48PYS;20170227
48PYS;20170217
48PYS;20170207
48PYS;20170329
48PYS;20170319
48PYS;20170309
48PYS;20170428
48PYS;20170418
48PYS;20170408
48PYS;20170528
48PYS;20170518
48PYS;20170508
48PYS;20170627
48PYS;20170617
48PYS;20170607
48PYS;20170727
48PYS;20170722
48PYS;20170717
48PYS;20170712
48PYS;20170707
48PYS;20170826
48PYS;20170821
48PYS;20170816
48PYS;20170811
48PYS;20170806
48PYS;20170801
48PYS;20170925
48PYS;20170920
48PYS;20170915
48PYS;20170910
48PYS;20170905
48PYS;20171030
48PYS;20171025
48PYS;20171020
48PYS;20171015
48PYS;20171010
48PYS;20171005
48PYS;20171129
48PYS;20171124
48PYS;20171119
48PYS;20171109
48PYS;20171104
48PYS;20180128
48PYS;20180123
48PYS;20180118
48PYS;20180113
48PYS;20180108
48PYS;20180103
48PYS;20180227
48PYS;20180222
48PYS;20180217
48PYS;20180207
48PYS;20180202
48PYS;20180329
48PYS;20180324
48PYS;20180319
48PYS;20180314
48PYS;20180309
48PYS;20180304
48PYS;20180428
48PYS;20180423
48PYS;20180418
48PYS;20180408
48PYS;20180403
48PYS;20180528
48PYS;20180528
48PYS;20180523
48PYS;20180518
48PYS;20180513
48PYS;20180508
48PYS;20180627
48PYS;20180622
48PYS;20180617
48PYS;20180612
48PYS;20180607
48PYS;20180602
48PYS;20180727
48PYS;20180722
48PYS;20180712
48PYS;20180707
48PYS;20180826
48PYS;20180821
48PYS;20180816
48PYS;20180811
48PYS;20180806
48PYS;20180801
48PYS;20180925
48PYS;20180915
48PYS;20180910
48PYS;20180905
48PYS;20181030
48PYS;20181025
48PYS;20181020
48PYS;20181015
48PYS;20181010
48PYS;20181005
48PYS;20181129
48PYS;20181124
48PYS;20181119
48PYS;20181114
48PYS;20181109
48PYS;20181104
48PYS;20190128
48PYS;20190123
48PYS;20190118
48PYS;20190113
48PYS;20190108
48PYS;20190103
48PYS;20190227
48PYS;20190222
48PYS;20190217
48PYS;20190212
48PYS;20190207
48PYS;20190202
48PYS;20190329
48PYS;20190324
48PYS;20190319
48PYS;20190314
48PYS;20190309
48PYS;20190304
48PYS;20190428
48PYS;20190423
48PYS;20190418
48PYS;20190418
48PYS;20190413
48PYS;20190408
48PYS;20190403
48PYS;20190528
48PYS;20190523
48PYS;20190518
48PYS;20190513
48PYS;20190508
48PYS;20190503
48PYS;20190627
48PYS;20190622
48PYS;20190617
48PYS;20190612
48PYS;20190607
48PYS;20190602
48PYS;20190727
48PYS;20190722
48PYS;20190717
48PYS;20190712
48PYS;20190707
48PYS;20190702
48PYS;20190826
48PYS;20190821
48PYS;20190816
48PYS;20190811
48PYS;20190806
48PYS;20190801
48PYS;20190925
48PYS;20190920
48PYS;20190915
48PYS;20190910
48PYS;20190905
48PYS;20191030
48PYS;20191025
48PYS;20191020
48PYS;20191015
48PYS;20191010
48PYS;20191005
48PYS;20191129
48PYS;20191124
48PYS;20191119
48PYS;20191114
48PYS;20191109
48PYS;20191104
48PYS;20200128
48PYS;20200123
48PYS;20200118
48PYS;20200113
48PYS;20200108
48PYS;20200103
48PYS;20200227
48PYS;20200212
48PYS;20200207
48PYS;20200202
48PYS;20200328
48PYS;20200323
48PYS;20200318
48PYS;20200313
48PYS;20200308
48PYS;20200303
48PYS;20200427
48PYS;20200417
48PYS;20200412
48PYS;20200407
48PYS;20200402
48PYS;20200517
48PYS;20200512
48PYS;20200502
48PYS;20201014
48PYS;20210117
48PYS;20210107
48PYS;20210201
48PYS;20210512
48PYS;20210507
48PYS;20210726
48PYS;20210716
48PVT;20150820
48PVT;20150810
48PVT;20150929
48PVT;20150909
48PVT;20151022
48PVT;20151128
48PVT;20151118
48PVT;20160130
48PVT;20160120
48PVT;20160117
48PVT;20160110
48PVT;20160107
48PVT;20160219
48PVT;20160216
48PVT;20160209
48PVT;20160206
48PVT;20160330
48PVT;20160317
48PVT;20160310
48PVT;20160307
48PVT;20160429
48PVT;20160426
48PVT;20160419
48PVT;20160416
48PVT;20160409
48PVT;20160406
48PVT;20160529
48PVT;20160526
48PVT;20160519
48PVT;20160516
48PVT;20160509
48PVT;20160506
48PVT;20160628
48PVT;20160625
48PVT;20160618
48PVT;20160615
48PVT;20160608
48PVT;20160605
48PVT;20160728
48PVT;20160725
48PVT;20160718
48PVT;20160715
48PVT;20160708
48PVT;20160827
48PVT;20160824
48PVT;20160817
48PVT;20160814
48PVT;20160807
48PVT;20160804
48PVT;20160926
48PVT;20160923
48PVT;20160916
48PVT;20160913
48PVT;20160906
48PVT;20160903
48PVT;20161026
48PVT;20161023
48PVT;20161016
48PVT;20161013
48PVT;20161006
48PVT;20161003
48PVT;20161125
48PVT;20161122
48PVT;20161115
48PVT;20161112
48PVT;20161105
48PVT;20170124
48PVT;20170114
48PVT;20170111
48PVT;20170104
48PVT;20170101
48PVT;20170223
48PVT;20170220
48PVT;20170213
48PVT;20170210
48PVT;20170203
48PVT;20170325
48PVT;20170322
48PVT;20170315
48PVT;20170312
48PVT;20170305
48PVT;20170302
48PVT;20170424
48PVT;20170421
48PVT;20170414
48PVT;20170411
48PVT;20170404
48PVT;20170401
48PVT;20170524
48PVT;20170521
48PVT;20170514
48PVT;20170511
48PVT;20170504
48PVT;20170501
48PVT;20170623
48PVT;20170620
48PVT;20170613
48PVT;20170610
48PVT;20170603
48PVT;20170730
48PVT;20170728
48PVT;20170725
48PVT;20170723
48PVT;20170720
48PVT;20170718
48PVT;20170715
48PVT;20170713
48PVT;20170710
48PVT;20170708
48PVT;20170705
48PVT;20170703
48PVT;20170829
48PVT;20170824
48PVT;20170822
48PVT;20170819
48PVT;20170817
48PVT;20170814
48PVT;20170812
48PVT;20170809
48PVT;20170807
48PVT;20170804
48PVT;20170802
48PVT;20170928
48PVT;20170926
48PVT;20170923
48PVT;20170921
48PVT;20170911
48PVT;20170908
48PVT;20170906
48PVT;20170903
48PVT;20170901
48PVT;20171028
48PVT;20171026
48PVT;20171023
48PVT;20171021
48PVT;20171018
48PVT;20171016
48PVT;20171013
48PVT;20171011
48PVT;20171008
48PVT;20171006
48PVT;20171003
48PVT;20171001
48PVT;20171127
48PVT;20171125
48PVT;20171122
48PVT;20171120
48PVT;20171117
48PVT;20171115
48PVT;20171112
48PVT;20171110
48PVT;20171107
48PVT;20171105
48PVT;20171102
48PVT;20180129
48PVT;20180126
48PVT;20180124
48PVT;20180121
48PVT;20180119
48PVT;20180116
48PVT;20180114
48PVT;20180111
48PVT;20180109
48PVT;20180106
48PVT;20180104
48PVT;20180101
48PVT;20180101
48PVT;20180225
48PVT;20180223
48PVT;20180220
48PVT;20180218
48PVT;20180215
48PVT;20180213
48PVT;20180210
48PVT;20180208
48PVT;20180205
48PVT;20180203
48PVT;20180330
48PVT;20180327
48PVT;20180325
48PVT;20180322
48PVT;20180320
48PVT;20180317
48PVT;20180315
48PVT;20180312
48PVT;20180310
48PVT;20180307
48PVT;20180305
48PVT;20180302
48PVT;20180429
48PVT;20180426
48PVT;20180426
48PVT;20180424
48PVT;20180421
48PVT;20180419
48PVT;20180416
48PVT;20180414
48PVT;20180411
48PVT;20180409
48PVT;20180406
48PVT;20180404
48PVT;20180401
48PVT;20180529
48PVT;20180526
48PVT;20180524
48PVT;20180521
48PVT;20180519
48PVT;20180516
48PVT;20180511
48PVT;20180509
48PVT;20180506
48PVT;20180504
48PVT;20180501
48PVT;20180628
48PVT;20180625
48PVT;20180623
48PVT;20180620
48PVT;20180618
48PVT;20180615
48PVT;20180613
48PVT;20180610
48PVT;20180608
48PVT;20180605
48PVT;20180603
48PVT;20180730
48PVT;20180728
48PVT;20180725
48PVT;20180723
48PVT;20180720
48PVT;20180718
48PVT;20180715
48PVT;20180713
48PVT;20180710
48PVT;20180708
48PVT;20180705
48PVT;20180703
48PVT;20180829
48PVT;20180827
48PVT;20180824
48PVT;20180822
48PVT;20180819
48PVT;20180817
48PVT;20180814
48PVT;20180812
48PVT;20180809
48PVT;20180807
48PVT;20180804
48PVT;20180802
48PVT;20180928
48PVT;20180926
48PVT;20180921
48PVT;20180918
48PVT;20180913
48PVT;20180911
48PVT;20180908
48PVT;20180906
48PVT;20180903
48PVT;20180901
48PVT;20181028
48PVT;20181026
48PVT;20181023
48PVT;20181021
48PVT;20181018
48PVT;20181016
48PVT;20181013
48PVT;20181011
48PVT;20181008
48PVT;20181006
48PVT;20181003
48PVT;20181001
48PVT;20181127
48PVT;20181125
48PVT;20181122
48PVT;20181120
48PVT;20181117
48PVT;20181115
48PVT;20181112
48PVT;20181110
48PVT;20181107
48PVT;20181105
48PVT;20181102
48PVT;20190129
48PVT;20190126
48PVT;20190124
48PVT;20190121
48PVT;20190119
48PVT;20190116
48PVT;20190114
48PVT;20190111
48PVT;20190109
48PVT;20190106
48PVT;20190104
48PVT;20190101
48PVT;20190330
48PVT;20190327
48PVT;20190325
48PVT;20190322
48PVT;20190320
48PVT;20190317
48PVT;20190315
48PVT;20190312
48PVT;20190310
48PVT;20190305
48PVT;20190302
48PVT;20190429
48PVT;20190426
48PVT;20190424
48PVT;20190421
48PVT;20190419
48PVT;20190416
48PVT;20190414
48PVT;20190411
48PVT;20190409
48PVT;20190406
48PVT;20190404
48PVT;20190401
48PVT;20190529
48PVT;20190526
48PVT;20190524
48PVT;20190521
48PVT;20190519
48PVT;20190516
48PVT;20190514
48PVT;20190511
48PVT;20190509
48PVT;20190506
48PVT;20190504
48PVT;20190501
48PVT;20190628
48PVT;20190625
48PVT;20190623
48PVT;20190620
48PVT;20190618
48PVT;20190615
48PVT;20190613
48PVT;20190610
48PVT;20190608
48PVT;20190605
48PVT;20190603
48PVT;20190730
48PVT;20190728
48PVT;20190725
48PVT;20190723
48PVT;20190720
48PVT;20190718
48PVT;20190715
48PVT;20190713
48PVT;20190710
48PVT;20190708
48PVT;20190705
48PVT;20190703
48PVT;20190829
48PVT;20190827
48PVT;20190824
48PVT;20190822
48PVT;20190819
48PVT;20190817
48PVT;20190814
48PVT;20190812
48PVT;20190809
48PVT;20190807
48PVT;20190804
48PVT;20190802
48PVT;20190926
48PVT;20190923
48PVT;20190921
48PVT;20190918
48PVT;20190916
48PVT;20190913
48PVT;20190911
48PVT;20190908
48PVT;20190906
48PVT;20190903
48PVT;20190901
48PVT;20191028
48PVT;20191026
48PVT;20191023
48PVT;20191021
48PVT;20191018
48PVT;20191016
48PVT;20191013
48PVT;20191011
48PVT;20191008
48PVT;20191006
48PVT;20191001
48PVT;20191127
48PVT;20191125
48PVT;20191122
48PVT;20191120
48PVT;20191117
48PVT;20191115
48PVT;20191112
48PVT;20191110
48PVT;20191107
48PVT;20191105
48PVT;20200129
48PVT;20200126
48PVT;20200124
48PVT;20200121
48PVT;20200119
48PVT;20200116
48PVT;20200114
48PVT;20200111
48PVT;20200109
48PVT;20200106
48PVT;20200228
48PVT;20200225
48PVT;20200223
48PVT;20200220
48PVT;20200218
48PVT;20200215
48PVT;20200213
48PVT;20200210
48PVT;20200208
48PVT;20200205
48PVT;20200329
48PVT;20200326
48PVT;20200324
48PVT;20200321
48PVT;20200319
48PVT;20200316
48PVT;20200314
48PVT;20200311
48PVT;20200309
48PVT;20200306
48PVT;20200304
48PVT;20200428
48PVT;20200423
48PVT;20200420
48PVT;20200418
48PVT;20200415
48PVT;20200413
48PVT;20200410
48PVT;20200408
48PVT;20200405
48PVT;20200515
48PVT;20200505
48PVT;20200629
48PVT;20201116
48PVT;20210130
48PVT;20210125
48PVT;20210115
48PVT;20210113
48PVT;20210108
48PVT;20210103
48PVT;20210227
48PVT;20210212
48PVT;20210204
48PVT;20210326
48PVT;20210321
48PVT;20210306
48PVT;20210418
48PVT;20210523
48PVT;20210515
48PVT;20210510
48PVT;20210508
48PVT;20210503
48PVT;20210612
48PVT;20210729
48PVT;20210717
48PVT;20210828
48PVT;20210826
48PVT;20210912
48PVT;20220115
48PWT;20150820
48PWT;20150810
48PWT;20150929
48PWT;20150909
48PWT;20151128
48PWT;20151118
48PWT;20160117
48PWT;20160107
48PWT;20160216
48PWT;20160206
48PWT;20160317
48PWT;20160307
48PWT;20160426
48PWT;20160416
48PWT;20160406
48PWT;20160526
48PWT;20160516
48PWT;20160506
48PWT;20160625
48PWT;20160615
48PWT;20160605
48PWT;20160725
48PWT;20160715
48PWT;20160824
48PWT;20160814
48PWT;20160804
48PWT;20160923
48PWT;20160913
48PWT;20160903
48PWT;20161023
48PWT;20161023
48PWT;20161013
48PWT;20161003
48PWT;20161122
48PWT;20161112
48PWT;20170111
48PWT;20170101
48PWT;20170220
48PWT;20170210
48PWT;20170322
48PWT;20170312
48PWT;20170302
48PWT;20170421
48PWT;20170411
48PWT;20170401
48PWT;20170521
48PWT;20170511
48PWT;20170501
48PWT;20170620
48PWT;20170610
48PWT;20170730
48PWT;20170725
48PWT;20170720
48PWT;20170715
48PWT;20170710
48PWT;20170705
48PWT;20170829
48PWT;20170824
48PWT;20170819
48PWT;20170814
48PWT;20170809
48PWT;20170804
48PWT;20170928
48PWT;20170923
48PWT;20170918
48PWT;20170908
48PWT;20170903
48PWT;20171028
48PWT;20171023
48PWT;20171018
48PWT;20171013
48PWT;20171008
48PWT;20171003
48PWT;20171127
48PWT;20171122
48PWT;20171117
48PWT;20171112
48PWT;20171107
48PWT;20171102
48PWT;20180126
48PWT;20180121
48PWT;20180116
48PWT;20180111
48PWT;20180106
48PWT;20180101
48PWT;20180225
48PWT;20180220
48PWT;20180215
48PWT;20180210
48PWT;20180205
48PWT;20180327
48PWT;20180322
48PWT;20180317
48PWT;20180312
48PWT;20180307
48PWT;20180302
48PWT;20180426
48PWT;20180421
48PWT;20180416
48PWT;20180411
48PWT;20180406
48PWT;20180401
48PWT;20180526
48PWT;20180521
48PWT;20180516
48PWT;20180511
48PWT;20180506
48PWT;20180501
48PWT;20180625
48PWT;20180620
48PWT;20180615
48PWT;20180610
48PWT;20180605
48PWT;20180730
48PWT;20180725
48PWT;20180720
48PWT;20180715
48PWT;20180710
48PWT;20180705
48PWT;20180829
48PWT;20180824
48PWT;20180819
48PWT;20180814
48PWT;20180809
48PWT;20180804
48PWT;20180928
48PWT;20180918
48PWT;20180913
48PWT;20180908
48PWT;20180903
48PWT;20181028
48PWT;20181023
48PWT;20181018
48PWT;20181013
48PWT;20181008
48PWT;20181003
48PWT;20181127
48PWT;20181122
48PWT;20181117
48PWT;20181112
48PWT;20181107
48PWT;20181102
48PWT;20190126
48PWT;20190121
48PWT;20190116
48PWT;20190111
48PWT;20190106
48PWT;20190101
48PWT;20190225
48PWT;20190220
48PWT;20190215
48PWT;20190210
48PWT;20190205
48PWT;20190327
48PWT;20190322
48PWT;20190317
48PWT;20190312
48PWT;20190302
48PWT;20190426
48PWT;20190421
48PWT;20190416
48PWT;20190411
48PWT;20190406
48PWT;20190401
48PWT;20190526
48PWT;20190521
48PWT;20190516
48PWT;20190511
48PWT;20190506
48PWT;20190501
48PWT;20190625
48PWT;20190620
48PWT;20190615
48PWT;20190610
48PWT;20190605
48PWT;20190730
48PWT;20190725
48PWT;20190720
48PWT;20190710
48PWT;20190705
48PWT;20190829
48PWT;20190824
48PWT;20190824
48PWT;20190819
48PWT;20190814
48PWT;20190809
48PWT;20190804
48PWT;20190928
48PWT;20190923
48PWT;20190918
48PWT;20190913
48PWT;20190908
48PWT;20191028
48PWT;20191023
48PWT;20191018
48PWT;20191013
48PWT;20191008
48PWT;20191127
48PWT;20191122
48PWT;20191117
48PWT;20191112
48PWT;20191107
48PWT;20200126
48PWT;20200121
48PWT;20200116
48PWT;20200111
48PWT;20200106
48PWT;20200101
48PWT;20200225
48PWT;20200220
48PWT;20200215
48PWT;20200210
48PWT;20200205
48PWT;20200326
48PWT;20200321
48PWT;20200316
48PWT;20200311
48PWT;20200306
48PWT;20200301
48PWT;20200420
48PWT;20200415
48PWT;20200410
48PWT;20200405
48PWT;20200515
48PWT;20200505
48PWT;20200629
48PWT;20201116
48PWT;20210130
48PWT;20210125
48PWT;20210115
48PWT;20210204
48PWT;20210326
48PWT;20210321
48PWT;20210306
48PWT;20210515
48PWT;20210510
48PWT;20210729
48PWT;20210828
48PWT;20210912
48PXT;20150820
48PXT;20150810
48PXT;20150929
48PXT;20150909
48PXT;20151128
48PXT;20151118
48PXT;20151115
48PXT;20160124
48PXT;20160117
48PXT;20160107
48PXT;20160216
48PXT;20160213
48PXT;20160206
48PXT;20160324
48PXT;20160317
48PXT;20160314
48PXT;20160307
48PXT;20160304
48PXT;20160426
48PXT;20160423
48PXT;20160416
48PXT;20160413
48PXT;20160406
48PXT;20160403
48PXT;20160526
48PXT;20160523
48PXT;20160516
48PXT;20160513
48PXT;20160506
48PXT;20160503
48PXT;20160625
48PXT;20160622
48PXT;20160615
48PXT;20160612
48PXT;20160605
48PXT;20160602
48PXT;20160725
48PXT;20160722
48PXT;20160715
48PXT;20160712
48PXT;20160702
48PXT;20160824
48PXT;20160821
48PXT;20160814
48PXT;20160811
48PXT;20160804
48PXT;20160801
48PXT;20160923
48PXT;20160920
48PXT;20160913
48PXT;20160910
48PXT;20160903
48PXT;20161030
48PXT;20161023
48PXT;20161023
48PXT;20161020
48PXT;20161013
48PXT;20161010
48PXT;20161003
48PXT;20161129
48PXT;20161122
48PXT;20161119
48PXT;20161112
48PXT;20161109
48PXT;20161102
48PXT;20170128
48PXT;20170118
48PXT;20170111
48PXT;20170108
48PXT;20170101
48PXT;20170227
48PXT;20170220
48PXT;20170217
48PXT;20170210
48PXT;20170207
48PXT;20170329
48PXT;20170322
48PXT;20170319
48PXT;20170312
48PXT;20170309
48PXT;20170302
48PXT;20170421
48PXT;20170418
48PXT;20170411
48PXT;20170408
48PXT;20170401
48PXT;20170528
48PXT;20170521
48PXT;20170518
48PXT;20170511
48PXT;20170508
48PXT;20170501
48PXT;20170627
48PXT;20170620
48PXT;20170617
48PXT;20170610
48PXT;20170607
48PXT;20170730
48PXT;20170727
48PXT;20170725
48PXT;20170722
48PXT;20170720
48PXT;20170717
48PXT;20170715
48PXT;20170712
48PXT;20170710
48PXT;20170707
48PXT;20170705
48PXT;20170829
48PXT;20170826
48PXT;20170824
48PXT;20170821
48PXT;20170819
48PXT;20170816
48PXT;20170814
48PXT;20170811
48PXT;20170809
48PXT;20170806
48PXT;20170804
48PXT;20170801
48PXT;20170928
48PXT;20170925
48PXT;20170923
48PXT;20170920
48PXT;20170918
48PXT;20170915
48PXT;20170910
48PXT;20170908
48PXT;20170905
48PXT;20171030
48PXT;20171028
48PXT;20171025
48PXT;20171023
48PXT;20171020
48PXT;20171018
48PXT;20171015
48PXT;20171013
48PXT;20171010
48PXT;20171008
48PXT;20171005
48PXT;20171003
48PXT;20171129
48PXT;20171127
48PXT;20171124
48PXT;20171122
48PXT;20171119
48PXT;20171117
48PXT;20171114
48PXT;20171112
48PXT;20171109
48PXT;20171107
48PXT;20171104
48PXT;20171102
48PXT;20180128
48PXT;20180126
48PXT;20180123
48PXT;20180121
48PXT;20180118
48PXT;20180116
48PXT;20180113
48PXT;20180111
48PXT;20180108
48PXT;20180106
48PXT;20180103
48PXT;20180227
48PXT;20180225
48PXT;20180222
48PXT;20180220
48PXT;20180217
48PXT;20180215
48PXT;20180212
48PXT;20180210
48PXT;20180207
48PXT;20180205
48PXT;20180202
48PXT;20180329
48PXT;20180327
48PXT;20180324
48PXT;20180322
48PXT;20180319
48PXT;20180317
48PXT;20180314
48PXT;20180312
48PXT;20180309
48PXT;20180307
48PXT;20180302
48PXT;20180428
48PXT;20180426
48PXT;20180423
48PXT;20180421
48PXT;20180418
48PXT;20180416
48PXT;20180413
48PXT;20180411
48PXT;20180408
48PXT;20180406
48PXT;20180403
48PXT;20180401
48PXT;20180528
48PXT;20180526
48PXT;20180523
48PXT;20180521
48PXT;20180518
48PXT;20180516
48PXT;20180513
48PXT;20180511
48PXT;20180508
48PXT;20180506
48PXT;20180501
48PXT;20180627
48PXT;20180625
48PXT;20180622
48PXT;20180620
48PXT;20180617
48PXT;20180615
48PXT;20180612
48PXT;20180610
48PXT;20180607
48PXT;20180605
48PXT;20180602
48PXT;20180730
48PXT;20180727
48PXT;20180725
48PXT;20180722
48PXT;20180720
48PXT;20180715
48PXT;20180712
48PXT;20180710
48PXT;20180707
48PXT;20180705
48PXT;20180829
48PXT;20180826
48PXT;20180824
48PXT;20180821
48PXT;20180819
48PXT;20180816
48PXT;20180814
48PXT;20180811
48PXT;20180809
48PXT;20180806
48PXT;20180804
48PXT;20180801
48PXT;20180928
48PXT;20180925
48PXT;20180918
48PXT;20180915
48PXT;20180913
48PXT;20180910
48PXT;20180908
48PXT;20180905
48PXT;20180903
48PXT;20181030
48PXT;20181028
48PXT;20181025
48PXT;20181023
48PXT;20181020
48PXT;20181018
48PXT;20181015
48PXT;20181013
48PXT;20181010
48PXT;20181008
48PXT;20181005
48PXT;20181003
48PXT;20181129
48PXT;20181127
48PXT;20181124
48PXT;20181122
48PXT;20181119
48PXT;20181117
48PXT;20181114
48PXT;20181112
48PXT;20181109
48PXT;20181107
48PXT;20181104
48PXT;20181102
48PXT;20190128
48PXT;20190126
48PXT;20190123
48PXT;20190121
48PXT;20190118
48PXT;20190116
48PXT;20190113
48PXT;20190111
48PXT;20190108
48PXT;20190106
48PXT;20190103
48PXT;20190101
48PXT;20190227
48PXT;20190225
48PXT;20190222
48PXT;20190220
48PXT;20190217
48PXT;20190215
48PXT;20190212
48PXT;20190210
48PXT;20190207
48PXT;20190205
48PXT;20190202
48PXT;20190329
48PXT;20190327
48PXT;20190324
48PXT;20190322
48PXT;20190319
48PXT;20190317
48PXT;20190314
48PXT;20190312
48PXT;20190309
48PXT;20190304
48PXT;20190302
48PXT;20190428
48PXT;20190426
48PXT;20190423
48PXT;20190421
48PXT;20190418
48PXT;20190416
48PXT;20190413
48PXT;20190411
48PXT;20190408
48PXT;20190406
48PXT;20190403
48PXT;20190401
48PXT;20190528
48PXT;20190526
48PXT;20190523
48PXT;20190521
48PXT;20190518
48PXT;20190516
48PXT;20190513
48PXT;20190511
48PXT;20190508
48PXT;20190506
48PXT;20190503
48PXT;20190501
48PXT;20190627
48PXT;20190625
48PXT;20190622
48PXT;20190620
48PXT;20190617
48PXT;20190615
48PXT;20190612
48PXT;20190610
48PXT;20190607
48PXT;20190605
48PXT;20190602
48PXT;20190730
48PXT;20190727
48PXT;20190725
48PXT;20190722
48PXT;20190720
48PXT;20190717
48PXT;20190712
48PXT;20190710
48PXT;20190707
48PXT;20190705
48PXT;20190702
48PXT;20190829
48PXT;20190826
48PXT;20190824
48PXT;20190824
48PXT;20190821
48PXT;20190819
48PXT;20190816
48PXT;20190814
48PXT;20190811
48PXT;20190809
48PXT;20190806
48PXT;20190804
48PXT;20190801
48PXT;20190928
48PXT;20190925
48PXT;20190923
48PXT;20190920
48PXT;20190918
48PXT;20190915
48PXT;20190913
48PXT;20190910
48PXT;20190908
48PXT;20190905
48PXT;20190903
48PXT;20191030
48PXT;20191028
48PXT;20191025
48PXT;20191023
48PXT;20191020
48PXT;20191018
48PXT;20191015
48PXT;20191013
48PXT;20191010
48PXT;20191008
48PXT;20191005
48PXT;20191129
48PXT;20191127
48PXT;20191124
48PXT;20191122
48PXT;20191119
48PXT;20191119
48PXT;20191117
48PXT;20191114
48PXT;20191112
48PXT;20191109
48PXT;20191107
48PXT;20191104
48PXT;20200128
48PXT;20200126
48PXT;20200123
48PXT;20200121
48PXT;20200118
48PXT;20200116
48PXT;20200113
48PXT;20200111
48PXT;20200108
48PXT;20200106
48PXT;20200103
48PXT;20200227
48PXT;20200225
48PXT;20200220
48PXT;20200215
48PXT;20200212
48PXT;20200210
48PXT;20200207
48PXT;20200205
48PXT;20200328
48PXT;20200326
48PXT;20200323
48PXT;20200321
48PXT;20200318
48PXT;20200316
48PXT;20200313
48PXT;20200311
48PXT;20200308
48PXT;20200306
48PXT;20200427
48PXT;20200420
48PXT;20200417
48PXT;20200415
48PXT;20200412
48PXT;20200410
48PXT;20200407
48PXT;20200405
48PXT;20200402
48PXT;20200515
48PXT;20200512
48PXT;20200505
48PXT;20200502
48PXT;20200629
48PXT;20201014
48PXT;20201116
48PXT;20210130
48PXT;20210125
48PXT;20210117
48PXT;20210115
48PXT;20210107
48PXT;20210204
48PXT;20210201
48PXT;20210326
48PXT;20210321
48PXT;20210306
48PXT;20210515
48PXT;20210512
48PXT;20210510
48PXT;20210507
48PXT;20210729
48PXT;20210726
48PXT;20210716
48PXT;20210828
48PXT;20210912
48PYT;20151115
48PYT;20160124
48PYT;20160213
48PYT;20160324
48PYT;20160314
48PYT;20160304
48PYT;20160423
48PYT;20160413
48PYT;20160403
48PYT;20160523
48PYT;20160513
48PYT;20160503
48PYT;20160622
48PYT;20160612
48PYT;20160602
48PYT;20160722
48PYT;20160712
48PYT;20160702
48PYT;20160821
48PYT;20160811
48PYT;20160801
48PYT;20160920
48PYT;20160910
48PYT;20161030
48PYT;20161023
48PYT;20161023
48PYT;20161020
48PYT;20161013
48PYT;20161010
48PYT;20161003
48PYT;20161129
48PYT;20161122
48PYT;20161119
48PYT;20161112
48PYT;20161109
48PYT;20161102
48PYT;20170128
48PYT;20170118
48PYT;20170108
48PYT;20170227
48PYT;20170217
48PYT;20170207
48PYT;20170329
48PYT;20170319
48PYT;20170309
48PYT;20170428
48PYT;20170418
48PYT;20170408
48PYT;20170528
48PYT;20170518
48PYT;20170508
48PYT;20170627
48PYT;20170617
48PYT;20170607
48PYT;20170727
48PYT;20170722
48PYT;20170717
48PYT;20170712
48PYT;20170707
48PYT;20170826
48PYT;20170821
48PYT;20170816
48PYT;20170811
48PYT;20170806
48PYT;20170801
48PYT;20170925
48PYT;20170920
48PYT;20170915
48PYT;20170910
48PYT;20170905
48PYT;20171030
48PYT;20171025
48PYT;20171020
48PYT;20171015
48PYT;20171010
48PYT;20171005
48PYT;20171129
48PYT;20171124
48PYT;20171119
48PYT;20171114
48PYT;20171109
48PYT;20171104
48PYT;20180128
48PYT;20180123
48PYT;20180118
48PYT;20180113
48PYT;20180108
48PYT;20180103
48PYT;20180227
48PYT;20180222
48PYT;20180217
48PYT;20180212
48PYT;20180207
48PYT;20180329
48PYT;20180324
48PYT;20180319
48PYT;20180314
48PYT;20180309
48PYT;20180304
48PYT;20180428
48PYT;20180423
48PYT;20180418
48PYT;20180413
48PYT;20180408
48PYT;20180403
48PYT;20180528
48PYT;20180523
48PYT;20180518
48PYT;20180513
48PYT;20180508
48PYT;20180627
48PYT;20180622
48PYT;20180617
48PYT;20180612
48PYT;20180607
48PYT;20180602
48PYT;20180727
48PYT;20180722
48PYT;20180712
48PYT;20180707
48PYT;20180826
48PYT;20180821
48PYT;20180816
48PYT;20180816
48PYT;20180811
48PYT;20180806
48PYT;20180801
48PYT;20180925
48PYT;20180915
48PYT;20180910
48PYT;20180905
48PYT;20181030
48PYT;20181025
48PYT;20181020
48PYT;20181015
48PYT;20181010
48PYT;20181005
48PYT;20181129
48PYT;20181124
48PYT;20181119
48PYT;20181114
48PYT;20181109
48PYT;20181104
48PYT;20190128
48PYT;20190123
48PYT;20190118
48PYT;20190113
48PYT;20190108
48PYT;20190103
48PYT;20190227
48PYT;20190222
48PYT;20190217
48PYT;20190212
48PYT;20190207
48PYT;20190202
48PYT;20190329
48PYT;20190324
48PYT;20190319
48PYT;20190314
48PYT;20190309
48PYT;20190304
48PYT;20190428
48PYT;20190423
48PYT;20190418
48PYT;20190413
48PYT;20190408
48PYT;20190403
48PYT;20190528
48PYT;20190523
48PYT;20190518
48PYT;20190513
48PYT;20190508
48PYT;20190503
48PYT;20190627
48PYT;20190622
48PYT;20190617
48PYT;20190612
48PYT;20190607
48PYT;20190602
48PYT;20190727
48PYT;20190722
48PYT;20190717
48PYT;20190712
48PYT;20190707
48PYT;20190702
48PYT;20190826
48PYT;20190821
48PYT;20190816
48PYT;20190811
48PYT;20190806
48PYT;20190801
48PYT;20190925
48PYT;20190920
48PYT;20190915
48PYT;20190910
48PYT;20190905
48PYT;20191030
48PYT;20191025
48PYT;20191020
48PYT;20191015
48PYT;20191010
48PYT;20191005
48PYT;20191129
48PYT;20191124
48PYT;20191119
48PYT;20191119
48PYT;20191114
48PYT;20191109
48PYT;20191104
48PYT;20200128
48PYT;20200123
48PYT;20200118
48PYT;20200113
48PYT;20200108
48PYT;20200103
48PYT;20200227
48PYT;20200212
48PYT;20200207
48PYT;20200328
48PYT;20200323
48PYT;20200318
48PYT;20200313
48PYT;20200308
48PYT;20200427
48PYT;20200417
48PYT;20200412
48PYT;20200407
48PYT;20200402
48PYT;20200517
48PYT;20200512
48PYT;20200502
48PYT;20201014
48PYT;20210117
48PYT;20210107
48PYT;20210201
48PYT;20210507
48PYT;20210726
48PYT;20210716
48PVU;20150820
48PVU;20150810
48PVU;20150929
48PVU;20150909
48PVU;20151022
48PVU;20151128
48PVU;20151118
48PVU;20160130
48PVU;20160120
48PVU;20160117
48PVU;20160110
48PVU;20160107
48PVU;20160219
48PVU;20160216
48PVU;20160209
48PVU;20160206
48PVU;20160330
48PVU;20160317
48PVU;20160310
48PVU;20160307
48PVU;20160429
48PVU;20160426
48PVU;20160419
48PVU;20160416
48PVU;20160409
48PVU;20160406
48PVU;20160529
48PVU;20160526
48PVU;20160519
48PVU;20160516
48PVU;20160509
48PVU;20160506
48PVU;20160628
48PVU;20160625
48PVU;20160618
48PVU;20160615
48PVU;20160608
48PVU;20160605
48PVU;20160728
48PVU;20160725
48PVU;20160718
48PVU;20160715
48PVU;20160708
48PVU;20160827
48PVU;20160824
48PVU;20160817
48PVU;20160814
48PVU;20160807
48PVU;20160804
48PVU;20160926
48PVU;20160923
48PVU;20160916
48PVU;20160913
48PVU;20160906
48PVU;20160903
48PVU;20161026
48PVU;20161023
48PVU;20161023
48PVU;20161016
48PVU;20161013
48PVU;20161006
48PVU;20161003
48PVU;20161125
48PVU;20161122
48PVU;20161115
48PVU;20161112
48PVU;20161105
48PVU;20161102
48PVU;20170124
48PVU;20170114
48PVU;20170111
48PVU;20170104
48PVU;20170101
48PVU;20170223
48PVU;20170220
48PVU;20170213
48PVU;20170210
48PVU;20170203
48PVU;20170325
48PVU;20170322
48PVU;20170315
48PVU;20170312
48PVU;20170305
48PVU;20170302
48PVU;20170424
48PVU;20170421
48PVU;20170414
48PVU;20170411
48PVU;20170404
48PVU;20170401
48PVU;20170524
48PVU;20170521
48PVU;20170514
48PVU;20170511
48PVU;20170504
48PVU;20170501
48PVU;20170623
48PVU;20170620
48PVU;20170613
48PVU;20170610
48PVU;20170603
48PVU;20170730
48PVU;20170728
48PVU;20170725
48PVU;20170723
48PVU;20170720
48PVU;20170718
48PVU;20170715
48PVU;20170713
48PVU;20170710
48PVU;20170708
48PVU;20170705
48PVU;20170703
48PVU;20170829
48PVU;20170827
48PVU;20170824
48PVU;20170822
48PVU;20170819
48PVU;20170817
48PVU;20170814
48PVU;20170812
48PVU;20170809
48PVU;20170807
48PVU;20170804
48PVU;20170802
48PVU;20170928
48PVU;20170926
48PVU;20170923
48PVU;20170921
48PVU;20170918
48PVU;20170916
48PVU;20170913
48PVU;20170911
48PVU;20170908
48PVU;20170906
48PVU;20170903
48PVU;20170901
48PVU;20171028
48PVU;20171026
48PVU;20171023
48PVU;20171021
48PVU;20171018
48PVU;20171016
48PVU;20171013
48PVU;20171011
48PVU;20171008
48PVU;20171006
48PVU;20171003
48PVU;20171001
48PVU;20171127
48PVU;20171125
48PVU;20171122
48PVU;20171120
48PVU;20171117
48PVU;20171115
48PVU;20171112
48PVU;20171110
48PVU;20171107
48PVU;20171105
48PVU;20171105
48PVU;20171102
48PVU;20180129
48PVU;20180126
48PVU;20180124
48PVU;20180121
48PVU;20180119
48PVU;20180116
48PVU;20180114
48PVU;20180111
48PVU;20180109
48PVU;20180106
48PVU;20180104
48PVU;20180225
48PVU;20180223
48PVU;20180220
48PVU;20180218
48PVU;20180215
48PVU;20180213
48PVU;20180210
48PVU;20180208
48PVU;20180205
48PVU;20180203
48PVU;20180330
48PVU;20180327
48PVU;20180325
48PVU;20180322
48PVU;20180320
48PVU;20180317
48PVU;20180315
48PVU;20180312
48PVU;20180310
48PVU;20180307
48PVU;20180305
48PVU;20180302
48PVU;20180429
48PVU;20180426
48PVU;20180424
48PVU;20180421
48PVU;20180419
48PVU;20180416
48PVU;20180414
48PVU;20180411
48PVU;20180409
48PVU;20180406
48PVU;20180404
48PVU;20180401
48PVU;20180529
48PVU;20180526
48PVU;20180524
48PVU;20180521
48PVU;20180519
48PVU;20180514
48PVU;20180511
48PVU;20180509
48PVU;20180506
48PVU;20180504
48PVU;20180501
48PVU;20180628
48PVU;20180625
48PVU;20180623
48PVU;20180620
48PVU;20180618
48PVU;20180615
48PVU;20180613
48PVU;20180610
48PVU;20180608
48PVU;20180605
48PVU;20180603
48PVU;20180730
48PVU;20180728
48PVU;20180725
48PVU;20180723
48PVU;20180720
48PVU;20180718
48PVU;20180715
48PVU;20180713
48PVU;20180710
48PVU;20180708
48PVU;20180705
48PVU;20180703
48PVU;20180829
48PVU;20180827
48PVU;20180824
48PVU;20180822
48PVU;20180819
48PVU;20180817
48PVU;20180814
48PVU;20180812
48PVU;20180809
48PVU;20180807
48PVU;20180804
48PVU;20180802
48PVU;20180928
48PVU;20180926
48PVU;20180921
48PVU;20180918
48PVU;20180913
48PVU;20180911
48PVU;20180908
48PVU;20180906
48PVU;20180903
48PVU;20180901
48PVU;20180901
48PVU;20181028
48PVU;20181026
48PVU;20181023
48PVU;20181021
48PVU;20181016
48PVU;20181013
48PVU;20181011
48PVU;20181008
48PVU;20181006
48PVU;20181003
48PVU;20181001
48PVU;20181127
48PVU;20181125
48PVU;20181122
48PVU;20181120
48PVU;20181117
48PVU;20181115
48PVU;20181112
48PVU;20181112
48PVU;20181110
48PVU;20181107
48PVU;20181105
48PVU;20181102
48PVU;20190129
48PVU;20190126
48PVU;20190124
48PVU;20190121
48PVU;20190119
48PVU;20190116
48PVU;20190114
48PVU;20190111
48PVU;20190109
48PVU;20190106
48PVU;20190104
48PVU;20190101
48PVU;20190225
48PVU;20190223
48PVU;20190220
48PVU;20190218
48PVU;20190215
48PVU;20190213
48PVU;20190210
48PVU;20190208
48PVU;20190205
48PVU;20190203
48PVU;20190330
48PVU;20190327
48PVU;20190325
48PVU;20190322
48PVU;20190320
48PVU;20190317
48PVU;20190315
48PVU;20190312
48PVU;20190310
48PVU;20190305
48PVU;20190302
48PVU;20190429
48PVU;20190426
48PVU;20190424
48PVU;20190421
48PVU;20190419
48PVU;20190416
48PVU;20190414
48PVU;20190411
48PVU;20190409
48PVU;20190406
48PVU;20190404
48PVU;20190401
48PVU;20190529
48PVU;20190526
48PVU;20190524
48PVU;20190521
48PVU;20190519
48PVU;20190516
48PVU;20190514
48PVU;20190511
48PVU;20190509
48PVU;20190506
48PVU;20190504
48PVU;20190501
48PVU;20190628
48PVU;20190625
48PVU;20190623
48PVU;20190620
48PVU;20190618
48PVU;20190615
48PVU;20190613
48PVU;20190610
48PVU;20190608
48PVU;20190605
48PVU;20190603
48PVU;20190730
48PVU;20190728
48PVU;20190725
48PVU;20190723
48PVU;20190720
48PVU;20190718
48PVU;20190713
48PVU;20190710
48PVU;20190708
48PVU;20190705
48PVU;20190703
48PVU;20190829
48PVU;20190827
48PVU;20190824
48PVU;20190822
48PVU;20190819
48PVU;20190817
48PVU;20190814
48PVU;20190812
48PVU;20190809
48PVU;20190807
48PVU;20190804
48PVU;20190802
48PVU;20190928
48PVU;20190926
48PVU;20190923
48PVU;20190921
48PVU;20190918
48PVU;20190916
48PVU;20190913
48PVU;20190911
48PVU;20190908
48PVU;20190906
48PVU;20190903
48PVU;20190901
48PVU;20191028
48PVU;20191026
48PVU;20191023
48PVU;20191023
48PVU;20191021
48PVU;20191018
48PVU;20191016
48PVU;20191013
48PVU;20191011
48PVU;20191008
48PVU;20191006
48PVU;20191001
48PVU;20191127
48PVU;20191125
48PVU;20191122
48PVU;20191120
48PVU;20191117
48PVU;20191115
48PVU;20191112
48PVU;20191110
48PVU;20191107
48PVU;20200129
48PVU;20200126
48PVU;20200124
48PVU;20200121
48PVU;20200119
48PVU;20200116
48PVU;20200114
48PVU;20200111
48PVU;20200109
48PVU;20200106
48PVU;20200228
48PVU;20200225
48PVU;20200223
48PVU;20200220
48PVU;20200218
48PVU;20200215
48PVU;20200213
48PVU;20200210
48PVU;20200208
48PVU;20200205
48PVU;20200329
48PVU;20200326
48PVU;20200324
48PVU;20200321
48PVU;20200319
48PVU;20200316
48PVU;20200314
48PVU;20200311
48PVU;20200309
48PVU;20200306
48PVU;20200428
48PVU;20200423
48PVU;20200420
48PVU;20200418
48PVU;20200415
48PVU;20200413
48PVU;20200410
48PVU;20200408
48PVU;20200405
48PVU;20200403
48PVU;20200515
48PVU;20200505
48PVU;20200629
48PVU;20201116
48PVU;20210130
48PVU;20210125
48PVU;20210115
48PVU;20210113
48PVU;20210108
48PVU;20210103
48PVU;20210227
48PVU;20210212
48PVU;20210326
48PVU;20210321
48PVU;20210306
48PVU;20210418
48PVU;20210523
48PVU;20210515
48PVU;20210510
48PVU;20210508
48PVU;20210503
48PVU;20210612
48PVU;20210729
48PVU;20210717
48PVU;20210828
48PVU;20210826
48PVU;20210912
48PVU;20220217
48PWU;20150820
48PWU;20150810
48PWU;20150929
48PWU;20150909
48PWU;20151128
48PWU;20151118
48PWU;20160117
48PWU;20160107
48PWU;20160216
48PWU;20160206
48PWU;20160317
48PWU;20160307
48PWU;20160426
48PWU;20160416
48PWU;20160406
48PWU;20160526
48PWU;20160516
48PWU;20160506
48PWU;20160625
48PWU;20160615
48PWU;20160605
48PWU;20160725
48PWU;20160715
48PWU;20160824
48PWU;20160814
48PWU;20160804
48PWU;20160923
48PWU;20160913
48PWU;20160903
48PWU;20161023
48PWU;20161013
48PWU;20161003
48PWU;20161122
48PWU;20161112
48PWU;20161102
48PWU;20170111
48PWU;20170101
48PWU;20170220
48PWU;20170210
48PWU;20170322
48PWU;20170312
48PWU;20170302
48PWU;20170421
48PWU;20170411
48PWU;20170401
48PWU;20170521
48PWU;20170511
48PWU;20170501
48PWU;20170620
48PWU;20170610
48PWU;20170730
48PWU;20170725
48PWU;20170720
48PWU;20170715
48PWU;20170710
48PWU;20170705
48PWU;20170829
48PWU;20170824
48PWU;20170819
48PWU;20170814
48PWU;20170809
48PWU;20170804
48PWU;20170928
48PWU;20170923
48PWU;20170918
48PWU;20170913
48PWU;20170908
48PWU;20170903
48PWU;20171028
48PWU;20171023
48PWU;20171018
48PWU;20171013
48PWU;20171008
48PWU;20171003
48PWU;20171127
48PWU;20171122
48PWU;20171117
48PWU;20171112
48PWU;20171107
48PWU;20171102
48PWU;20180126
48PWU;20180121
48PWU;20180116
48PWU;20180111
48PWU;20180106
48PWU;20180101
48PWU;20180225
48PWU;20180220
48PWU;20180215
48PWU;20180210
48PWU;20180205
48PWU;20180327
48PWU;20180322
48PWU;20180317
48PWU;20180312
48PWU;20180307
48PWU;20180302
48PWU;20180426
48PWU;20180421
48PWU;20180416
48PWU;20180411
48PWU;20180406
48PWU;20180401
48PWU;20180526
48PWU;20180521
48PWU;20180516
48PWU;20180511
48PWU;20180506
48PWU;20180501
48PWU;20180625
48PWU;20180620
48PWU;20180615
48PWU;20180610
48PWU;20180605
48PWU;20180725
48PWU;20180720
48PWU;20180715
48PWU;20180710
48PWU;20180705
48PWU;20180829
48PWU;20180824
48PWU;20180819
48PWU;20180814
48PWU;20180809
48PWU;20180804
48PWU;20180928
48PWU;20180918
48PWU;20180913
48PWU;20180908
48PWU;20180903
48PWU;20181028
48PWU;20181023
48PWU;20181018
48PWU;20181013
48PWU;20181008
48PWU;20181003
48PWU;20181127
48PWU;20181122
48PWU;20181117
48PWU;20181112
48PWU;20181112
48PWU;20181107
48PWU;20181102
48PWU;20190126
48PWU;20190121
48PWU;20190116
48PWU;20190111
48PWU;20190106
48PWU;20190101
48PWU;20190225
48PWU;20190220
48PWU;20190215
48PWU;20190210
48PWU;20190205
48PWU;20190327
48PWU;20190322
48PWU;20190317
48PWU;20190312
48PWU;20190302
48PWU;20190426
48PWU;20190421
48PWU;20190416
48PWU;20190411
48PWU;20190406
48PWU;20190401
48PWU;20190526
48PWU;20190521
48PWU;20190516
48PWU;20190511
48PWU;20190506
48PWU;20190501
48PWU;20190625
48PWU;20190620
48PWU;20190615
48PWU;20190610
48PWU;20190605
48PWU;20190730
48PWU;20190725
48PWU;20190720
48PWU;20190715
48PWU;20190710
48PWU;20190705
48PWU;20190829
48PWU;20190824
48PWU;20190819
48PWU;20190814
48PWU;20190809
48PWU;20190804
48PWU;20190923
48PWU;20190918
48PWU;20190913
48PWU;20190908
48PWU;20190903
48PWU;20191028
48PWU;20191023
48PWU;20191023
48PWU;20191018
48PWU;20191013
48PWU;20191008
48PWU;20191127
48PWU;20191122
48PWU;20191117
48PWU;20191112
48PWU;20191107
48PWU;20200126
48PWU;20200121
48PWU;20200116
48PWU;20200111
48PWU;20200106
48PWU;20200101
48PWU;20200225
48PWU;20200220
48PWU;20200215
48PWU;20200210
48PWU;20200205
48PWU;20200326
48PWU;20200321
48PWU;20200316
48PWU;20200311
48PWU;20200306
48PWU;20200301
48PWU;20200420
48PWU;20200415
48PWU;20200410
48PWU;20200405
48PWU;20200515
48PWU;20200505
48PWU;20200629
48PWU;20201116
48PWU;20210130
48PWU;20210125
48PWU;20210115
48PWU;20210326
48PWU;20210321
48PWU;20210306
48PWU;20210515
48PWU;20210510
48PWU;20210729
48PWU;20210828
48PWU;20210912
48PXU;20150820
48PXU;20150810
48PXU;20150929
48PXU;20150909
48PXU;20151128
48PXU;20151118
48PXU;20160117
48PXU;20160107
48PXU;20160216
48PXU;20160206
48PXU;20160317
48PXU;20160307
48PXU;20160426
48PXU;20160416
48PXU;20160406
48PXU;20160526
48PXU;20160516
48PXU;20160506
48PXU;20160625
48PXU;20160615
48PXU;20160605
48PXU;20160725
48PXU;20160715
48PXU;20160824
48PXU;20160814
48PXU;20160804
48PXU;20160923
48PXU;20160913
48PXU;20160903
48PXU;20161030
48PXU;20161030
48PXU;20161023
48PXU;20161020
48PXU;20161013
48PXU;20161010
48PXU;20161003
48PXU;20161129
48PXU;20161122
48PXU;20161112
48PXU;20161109
48PXU;20161102
48PXU;20170111
48PXU;20170101
48PXU;20170220
48PXU;20170210
48PXU;20170322
48PXU;20170312
48PXU;20170302
48PXU;20170421
48PXU;20170411
48PXU;20170401
48PXU;20170521
48PXU;20170511
48PXU;20170501
48PXU;20170620
48PXU;20170610
48PXU;20170730
48PXU;20170725
48PXU;20170720
48PXU;20170715
48PXU;20170710
48PXU;20170705
48PXU;20170829
48PXU;20170824
48PXU;20170819
48PXU;20170814
48PXU;20170809
48PXU;20170804
48PXU;20170928
48PXU;20170923
48PXU;20170918
48PXU;20170913
48PXU;20170908
48PXU;20171028
48PXU;20171023
48PXU;20171018
48PXU;20171013
48PXU;20171008
48PXU;20171003
48PXU;20171127
48PXU;20171122
48PXU;20171117
48PXU;20171112
48PXU;20171107
48PXU;20171102
48PXU;20180126
48PXU;20180121
48PXU;20180116
48PXU;20180111
48PXU;20180106
48PXU;20180101
48PXU;20180225
48PXU;20180220
48PXU;20180215
48PXU;20180210
48PXU;20180205
48PXU;20180327
48PXU;20180322
48PXU;20180317
48PXU;20180312
48PXU;20180307
48PXU;20180302
48PXU;20180426
48PXU;20180421
48PXU;20180416
48PXU;20180411
48PXU;20180406
48PXU;20180401
48PXU;20180526
48PXU;20180521
48PXU;20180516
48PXU;20180511
48PXU;20180506
48PXU;20180501
48PXU;20180625
48PXU;20180620
48PXU;20180615
48PXU;20180610
48PXU;20180605
48PXU;20180730
48PXU;20180725
48PXU;20180720
48PXU;20180715
48PXU;20180710
48PXU;20180705
48PXU;20180829
48PXU;20180824
48PXU;20180819
48PXU;20180814
48PXU;20180809
48PXU;20180804
48PXU;20180928
48PXU;20180918
48PXU;20180913
48PXU;20180908
48PXU;20180903
48PXU;20181028
48PXU;20181023
48PXU;20181018
48PXU;20181013
48PXU;20181008
48PXU;20181008
48PXU;20181003
48PXU;20181127
48PXU;20181122
48PXU;20181117
48PXU;20181112
48PXU;20181112
48PXU;20181107
48PXU;20181102
48PXU;20190126
48PXU;20190121
48PXU;20190116
48PXU;20190111
48PXU;20190106
48PXU;20190101
48PXU;20190225
48PXU;20190220
48PXU;20190215
48PXU;20190210
48PXU;20190205
48PXU;20190327
48PXU;20190322
48PXU;20190317
48PXU;20190312
48PXU;20190302
48PXU;20190426
48PXU;20190421
48PXU;20190416
48PXU;20190411
48PXU;20190406
48PXU;20190401
48PXU;20190526
48PXU;20190521
48PXU;20190516
48PXU;20190511
48PXU;20190506
48PXU;20190501
48PXU;20190625
48PXU;20190620
48PXU;20190615
48PXU;20190610
48PXU;20190605
48PXU;20190730
48PXU;20190725
48PXU;20190720
48PXU;20190715
48PXU;20190710
48PXU;20190705
48PXU;20190829
48PXU;20190824
48PXU;20190819
48PXU;20190814
48PXU;20190809
48PXU;20190804
48PXU;20190928
48PXU;20190923
48PXU;20190918
48PXU;20190913
48PXU;20190908
48PXU;20190903
48PXU;20191028
48PXU;20191023
48PXU;20191023
48PXU;20191018
48PXU;20191013
48PXU;20191008
48PXU;20191127
48PXU;20191122
48PXU;20191117
48PXU;20191112
48PXU;20191107
48PXU;20200126
48PXU;20200121
48PXU;20200116
48PXU;20200111
48PXU;20200106
48PXU;20200225
48PXU;20200220
48PXU;20200215
48PXU;20200210
48PXU;20200205
48PXU;20200326
48PXU;20200321
48PXU;20200316
48PXU;20200311
48PXU;20200306
48PXU;20200420
48PXU;20200415
48PXU;20200410
48PXU;20200405
48PXU;20200515
48PXU;20200505
48PXU;20200629
48PXU;20201116
48PXU;20210130
48PXU;20210125
48PXU;20210115
48PXU;20210326
48PXU;20210321
48PXU;20210306
48PXU;20210515
48PXU;20210510
48PXU;20210729
48PXU;20210828
48PXU;20210912
48PXU;20220115
48PUV;20151022
48PUV;20160130
48PUV;20160120
48PUV;20160110
48PUV;20160219
48PUV;20160209
48PUV;20160330
48PUV;20160310
48PUV;20160429
48PUV;20160419
48PUV;20160409
48PUV;20160529
48PUV;20160529
48PUV;20160519
48PUV;20160509
48PUV;20160509
48PUV;20160628
48PUV;20160618
48PUV;20160608
48PUV;20160728
48PUV;20160718
48PUV;20160708
48PUV;20160827
48PUV;20160817
48PUV;20160807
48PUV;20160926
48PUV;20160916
48PUV;20160906
48PUV;20161026
48PUV;20161016
48PUV;20161006
48PUV;20161125
48PUV;20161115
48PUV;20161105
48PUV;20170124
48PUV;20170114
48PUV;20170104
48PUV;20170223
48PUV;20170213
48PUV;20170203
48PUV;20170325
48PUV;20170315
48PUV;20170305
48PUV;20170424
48PUV;20170414
48PUV;20170404
48PUV;20170524
48PUV;20170514
48PUV;20170504
48PUV;20170623
48PUV;20170613
48PUV;20170603
48PUV;20170728
48PUV;20170723
48PUV;20170718
48PUV;20170713
48PUV;20170708
48PUV;20170703
48PUV;20170827
48PUV;20170822
48PUV;20170817
48PUV;20170812
48PUV;20170807
48PUV;20170802
48PUV;20170926
48PUV;20170921
48PUV;20170916
48PUV;20170911
48PUV;20170906
48PUV;20170901
48PUV;20171026
48PUV;20171021
48PUV;20171016
48PUV;20171011
48PUV;20171006
48PUV;20171001
48PUV;20171125
48PUV;20171125
48PUV;20171120
48PUV;20171115
48PUV;20171110
48PUV;20171105
48PUV;20180129
48PUV;20180124
48PUV;20180119
48PUV;20180114
48PUV;20180109
48PUV;20180104
48PUV;20180223
48PUV;20180218
48PUV;20180213
48PUV;20180208
48PUV;20180203
48PUV;20180330
48PUV;20180325
48PUV;20180320
48PUV;20180315
48PUV;20180310
48PUV;20180305
48PUV;20180429
48PUV;20180424
48PUV;20180419
48PUV;20180414
48PUV;20180409
48PUV;20180404
48PUV;20180529
48PUV;20180524
48PUV;20180519
48PUV;20180514
48PUV;20180509
48PUV;20180504
48PUV;20180628
48PUV;20180623
48PUV;20180618
48PUV;20180613
48PUV;20180608
48PUV;20180603
48PUV;20180728
48PUV;20180723
48PUV;20180718
48PUV;20180713
48PUV;20180708
48PUV;20180703
48PUV;20180827
48PUV;20180822
48PUV;20180817
48PUV;20180812
48PUV;20180807
48PUV;20180802
48PUV;20180926
48PUV;20180921
48PUV;20180911
48PUV;20180906
48PUV;20180901
48PUV;20181026
48PUV;20181021
48PUV;20181016
48PUV;20181011
48PUV;20181006
48PUV;20181001
48PUV;20181125
48PUV;20181120
48PUV;20181115
48PUV;20181110
48PUV;20181105
48PUV;20190129
48PUV;20190124
48PUV;20190119
48PUV;20190114
48PUV;20190109
48PUV;20190104
48PUV;20190223
48PUV;20190218
48PUV;20190213
48PUV;20190208
48PUV;20190203
48PUV;20190330
48PUV;20190325
48PUV;20190320
48PUV;20190315
48PUV;20190310
48PUV;20190305
48PUV;20190429
48PUV;20190424
48PUV;20190419
48PUV;20190414
48PUV;20190409
48PUV;20190404
48PUV;20190524
48PUV;20190519
48PUV;20190514
48PUV;20190509
48PUV;20190504
48PUV;20190628
48PUV;20190623
48PUV;20190618
48PUV;20190613
48PUV;20190608
48PUV;20190603
48PUV;20190728
48PUV;20190723
48PUV;20190718
48PUV;20190713
48PUV;20190708
48PUV;20190703
48PUV;20190827
48PUV;20190822
48PUV;20190817
48PUV;20190812
48PUV;20190807
48PUV;20190802
48PUV;20190926
48PUV;20190921
48PUV;20190916
48PUV;20190911
48PUV;20190906
48PUV;20190901
48PUV;20190901
48PUV;20191026
48PUV;20191021
48PUV;20191016
48PUV;20191011
48PUV;20191006
48PUV;20191001
48PUV;20191001
48PUV;20191125
48PUV;20191120
48PUV;20191115
48PUV;20191110
48PUV;20191105
48PUV;20200129
48PUV;20200124
48PUV;20200119
48PUV;20200114
48PUV;20200109
48PUV;20200104
48PUV;20200228
48PUV;20200223
48PUV;20200218
48PUV;20200213
48PUV;20200208
48PUV;20200203
48PUV;20200329
48PUV;20200324
48PUV;20200319
48PUV;20200314
48PUV;20200309
48PUV;20200304
48PUV;20200304
48PUV;20200428
48PUV;20200423
48PUV;20200418
48PUV;20200413
48PUV;20200408
48PUV;20200403
48PUV;20210113
48PUV;20210108
48PUV;20210103
48PUV;20210227
48PUV;20210212
48PUV;20210418
48PUV;20210523
48PUV;20210508
48PUV;20210503
48PUV;20210612
48PUV;20210717
48PUV;20210826
48PUV;20220217
48PVV;20150820
48PVV;20150810
48PVV;20150929
48PVV;20150909
48PVV;20151022
48PVV;20151128
48PVV;20151118
48PVV;20160130
48PVV;20160120
48PVV;20160117
48PVV;20160110
48PVV;20160107
48PVV;20160219
48PVV;20160216
48PVV;20160209
48PVV;20160206
48PVV;20160330
48PVV;20160317
48PVV;20160310
48PVV;20160307
48PVV;20160429
48PVV;20160426
48PVV;20160419
48PVV;20160416
48PVV;20160409
48PVV;20160406
48PVV;20160529
48PVV;20160529
48PVV;20160526
48PVV;20160519
48PVV;20160516
48PVV;20160509
48PVV;20160509
48PVV;20160506
48PVV;20160628
48PVV;20160625
48PVV;20160618
48PVV;20160615
48PVV;20160608
48PVV;20160605
48PVV;20160728
48PVV;20160725
48PVV;20160718
48PVV;20160715
48PVV;20160708
48PVV;20160827
48PVV;20160824
48PVV;20160817
48PVV;20160814
48PVV;20160807
48PVV;20160804
48PVV;20160926
48PVV;20160923
48PVV;20160916
48PVV;20160913
48PVV;20160906
48PVV;20160903
48PVV;20161026
48PVV;20161023
48PVV;20161016
48PVV;20161013
48PVV;20161006
48PVV;20161003
48PVV;20161125
48PVV;20161122
48PVV;20161115
48PVV;20161112
48PVV;20161105
48PVV;20161102
48PVV;20170124
48PVV;20170114
48PVV;20170111
48PVV;20170104
48PVV;20170101
48PVV;20170223
48PVV;20170220
48PVV;20170213
48PVV;20170210
48PVV;20170203
48PVV;20170325
48PVV;20170322
48PVV;20170315
48PVV;20170312
48PVV;20170305
48PVV;20170302
48PVV;20170424
48PVV;20170421
48PVV;20170414
48PVV;20170411
48PVV;20170404
48PVV;20170401
48PVV;20170524
48PVV;20170521
48PVV;20170514
48PVV;20170511
48PVV;20170504
48PVV;20170501
48PVV;20170623
48PVV;20170620
48PVV;20170613
48PVV;20170610
48PVV;20170603
48PVV;20170730
48PVV;20170728
48PVV;20170725
48PVV;20170723
48PVV;20170720
48PVV;20170718
48PVV;20170715
48PVV;20170713
48PVV;20170710
48PVV;20170708
48PVV;20170705
48PVV;20170703
48PVV;20170829
48PVV;20170827
48PVV;20170824
48PVV;20170822
48PVV;20170819
48PVV;20170817
48PVV;20170814
48PVV;20170812
48PVV;20170809
48PVV;20170807
48PVV;20170804
48PVV;20170928
48PVV;20170926
48PVV;20170923
48PVV;20170921
48PVV;20170918
48PVV;20170916
48PVV;20170911
48PVV;20170908
48PVV;20170906
48PVV;20170903
48PVV;20170901
48PVV;20171028
48PVV;20171026
48PVV;20171023
48PVV;20171021
48PVV;20171018
48PVV;20171016
48PVV;20171013
48PVV;20171011
48PVV;20171008
48PVV;20171006
48PVV;20171003
48PVV;20171001
48PVV;20171127
48PVV;20171125
48PVV;20171122
48PVV;20171120
48PVV;20171117
48PVV;20171115
48PVV;20171112
48PVV;20171112
48PVV;20171110
48PVV;20171107
48PVV;20171105
48PVV;20171102
48PVV;20180129
48PVV;20180126
48PVV;20180124
48PVV;20180121
48PVV;20180119
48PVV;20180116
48PVV;20180114
48PVV;20180111
48PVV;20180109
48PVV;20180106
48PVV;20180104
48PVV;20180101
48PVV;20180225
48PVV;20180223
48PVV;20180220
48PVV;20180218
48PVV;20180215
48PVV;20180213
48PVV;20180210
48PVV;20180208
48PVV;20180205
48PVV;20180203
48PVV;20180330
48PVV;20180327
48PVV;20180325
48PVV;20180322
48PVV;20180320
48PVV;20180317
48PVV;20180315
48PVV;20180312
48PVV;20180310
48PVV;20180307
48PVV;20180305
48PVV;20180302
48PVV;20180429
48PVV;20180426
48PVV;20180424
48PVV;20180421
48PVV;20180419
48PVV;20180416
48PVV;20180414
48PVV;20180411
48PVV;20180409
48PVV;20180406
48PVV;20180404
48PVV;20180401
48PVV;20180529
48PVV;20180526
48PVV;20180524
48PVV;20180521
48PVV;20180519
48PVV;20180516
48PVV;20180511
48PVV;20180509
48PVV;20180506
48PVV;20180504
48PVV;20180501
48PVV;20180628
48PVV;20180625
48PVV;20180623
48PVV;20180620
48PVV;20180618
48PVV;20180615
48PVV;20180613
48PVV;20180610
48PVV;20180608
48PVV;20180605
48PVV;20180603
48PVV;20180728
48PVV;20180725
48PVV;20180723
48PVV;20180720
48PVV;20180718
48PVV;20180715
48PVV;20180713
48PVV;20180710
48PVV;20180708
48PVV;20180703
48PVV;20180829
48PVV;20180829
48PVV;20180827
48PVV;20180824
48PVV;20180822
48PVV;20180822
48PVV;20180819
48PVV;20180817
48PVV;20180814
48PVV;20180812
48PVV;20180809
48PVV;20180809
48PVV;20180807
48PVV;20180804
48PVV;20180802
48PVV;20180928
48PVV;20180926
48PVV;20180921
48PVV;20180918
48PVV;20180913
48PVV;20180911
48PVV;20180908
48PVV;20180906
48PVV;20180903
48PVV;20180901
48PVV;20181028
48PVV;20181026
48PVV;20181023
48PVV;20181021
48PVV;20181016
48PVV;20181013
48PVV;20181011
48PVV;20181008
48PVV;20181008
48PVV;20181006
48PVV;20181003
48PVV;20181001
48PVV;20181127
48PVV;20181125
48PVV;20181122
48PVV;20181120
48PVV;20181117
48PVV;20181115
48PVV;20181112
48PVV;20181110
48PVV;20181107
48PVV;20181105
48PVV;20181102
48PVV;20190129
48PVV;20190126
48PVV;20190124
48PVV;20190121
48PVV;20190119
48PVV;20190116
48PVV;20190114
48PVV;20190111
48PVV;20190109
48PVV;20190106
48PVV;20190104
48PVV;20190101
48PVV;20190225
48PVV;20190223
48PVV;20190220
48PVV;20190218
48PVV;20190215
48PVV;20190213
48PVV;20190210
48PVV;20190208
48PVV;20190205
48PVV;20190203
48PVV;20190330
48PVV;20190327
48PVV;20190325
48PVV;20190322
48PVV;20190320
48PVV;20190317
48PVV;20190315
48PVV;20190312
48PVV;20190310
48PVV;20190305
48PVV;20190302
48PVV;20190429
48PVV;20190426
48PVV;20190424
48PVV;20190421
48PVV;20190419
48PVV;20190416
48PVV;20190414
48PVV;20190411
48PVV;20190409
48PVV;20190406
48PVV;20190404
48PVV;20190401
48PVV;20190529
48PVV;20190526
48PVV;20190524
48PVV;20190521
48PVV;20190519
48PVV;20190516
48PVV;20190514
48PVV;20190511
48PVV;20190509
48PVV;20190506
48PVV;20190504
48PVV;20190501
48PVV;20190628
48PVV;20190625
48PVV;20190623
48PVV;20190620
48PVV;20190618
48PVV;20190615
48PVV;20190613
48PVV;20190610
48PVV;20190608
48PVV;20190605
48PVV;20190603
48PVV;20190730
48PVV;20190728
48PVV;20190725
48PVV;20190723
48PVV;20190720
48PVV;20190718
48PVV;20190715
48PVV;20190713
48PVV;20190713
48PVV;20190710
48PVV;20190708
48PVV;20190705
48PVV;20190703
48PVV;20190829
48PVV;20190827
48PVV;20190824
48PVV;20190822
48PVV;20190819
48PVV;20190817
48PVV;20190814
48PVV;20190812
48PVV;20190809
48PVV;20190807
48PVV;20190804
48PVV;20190802
48PVV;20190926
48PVV;20190923
48PVV;20190921
48PVV;20190918
48PVV;20190913
48PVV;20190911
48PVV;20190908
48PVV;20190906
48PVV;20190903
48PVV;20190901
48PVV;20191028
48PVV;20191026
48PVV;20191023
48PVV;20191021
48PVV;20191018
48PVV;20191016
48PVV;20191013
48PVV;20191011
48PVV;20191008
48PVV;20191006
48PVV;20191001
48PVV;20191127
48PVV;20191125
48PVV;20191122
48PVV;20191120
48PVV;20191117
48PVV;20191115
48PVV;20191112
48PVV;20191110
48PVV;20191107
48PVV;20191105
48PWV;20150820
48PWV;20150810
48PWV;20150929
48PWV;20150909
48PWV;20151128
48PWV;20151118
48PWV;20160117
48PWV;20160107
48PWV;20160216
48PWV;20160206
48PWV;20160317
48PWV;20160307
48PWV;20160426
48PWV;20160416
48PWV;20160406
48PWV;20160526
48PWV;20160516
48PWV;20160506
48PWV;20160625
48PWV;20160615
48PWV;20160605
48PWV;20160725
48PWV;20160715
48PWV;20160824
48PWV;20160814
48PWV;20160804
48PWV;20160923
48PWV;20160913
48PWV;20160903
48PWV;20161023
48PWV;20161013
48PWV;20161003
48PWV;20161122
48PWV;20161112
48PWV;20170111
48PWV;20170101
48PWV;20170220
48PWV;20170210
48PWV;20170322
48PWV;20170312
48PWV;20170302
48PWV;20170421
48PWV;20170411
48PWV;20170401
48PWV;20170511
48PWV;20170501
48PWV;20170620
48PWV;20170610
48PWV;20170730
48PWV;20170725
48PWV;20170720
48PWV;20170715
48PWV;20170710
48PWV;20170705
48PWV;20170829
48PWV;20170824
48PWV;20170819
48PWV;20170814
48PWV;20170809
48PWV;20170804
48PWV;20170928
48PWV;20170923
48PWV;20170918
48PWV;20170913
48PWV;20170908
48PWV;20170903
48PWV;20171028
48PWV;20171023
48PWV;20171018
48PWV;20171013
48PWV;20171008
48PWV;20171003
48PWV;20171127
48PWV;20171122
48PWV;20171117
48PWV;20171112
48PWV;20171112
48PWV;20171107
48PWV;20171102
48PWV;20180126
48PWV;20180121
48PWV;20180116
48PWV;20180111
48PWV;20180106
48PWV;20180101
48PWV;20180225
48PWV;20180220
48PWV;20180215
48PWV;20180210
48PWV;20180205
48PWV;20180327
48PWV;20180322
48PWV;20180317
48PWV;20180312
48PWV;20180307
48PWV;20180302
48PWV;20180426
48PWV;20180421
48PWV;20180416
48PWV;20180411
48PWV;20180406
48PWV;20180401
48PWV;20180526
48PWV;20180521
48PWV;20180516
48PWV;20180511
48PWV;20180506
48PWV;20180501
48PWV;20180625
48PWV;20180620
48PWV;20180615
48PWV;20180610
48PWV;20180605
48PWV;20180725
48PWV;20180720
48PWV;20180715
48PWV;20180710
48PWV;20180705
48PWV;20180829
48PWV;20180829
48PWV;20180824
48PWV;20180819
48PWV;20180814
48PWV;20180809
48PWV;20180809
48PWV;20180804
48PWV;20180928
48PWV;20180918
48PWV;20180913
48PWV;20180908
48PWV;20180903
48PWV;20181028
48PWV;20181023
48PWV;20181018
48PWV;20181013
48PWV;20181008
48PWV;20181008
48PWV;20181003
48PWV;20181127
48PWV;20181122
48PWV;20181117
48PWV;20181112
48PWV;20181107
48PWV;20181102
48PWV;20190126
48PWV;20190126
48PWV;20190121
48PWV;20190116
48PWV;20190111
48PWV;20190106
48PWV;20190101
48PWV;20190225
48PWV;20190220
48PWV;20190215
48PWV;20190210
48PWV;20190205
48PWV;20190327
48PWV;20190322
48PWV;20190317
48PWV;20190312
48PWV;20190302
48PWV;20190426
48PWV;20190421
48PWV;20190416
48PWV;20190411
48PWV;20190406
48PWV;20190401
48PWV;20190526
48PWV;20190521
48PWV;20190516
48PWV;20190511
48PWV;20190506
48PWV;20190501
48PWV;20190625
48PWV;20190620
48PWV;20190615
48PWV;20190610
48PWV;20190605
48PWV;20190730
48PWV;20190725
48PWV;20190720
48PWV;20190715
48PWV;20190710
48PWV;20190705
48PWV;20190829
48PWV;20190824
48PWV;20190819
48PWV;20190814
48PWV;20190809
48PWV;20190804
48PWV;20190928
48PWV;20190923
48PWV;20190918
48PWV;20190913
48PWV;20190908
48PWV;20190903
48PWV;20191028
48PWV;20191023
48PWV;20191018
48PWV;20191013
48PWV;20191013
48PWV;20191008
48PWV;20191127
48PWV;20191122
48PWV;20191117
48PWV;20191112
48PWV;20191107
48PWV;20200126
48PWV;20200121
48PWV;20200116
48PWV;20200111
48PWV;20200106
48PWV;20200101
48PWV;20200225
48PWV;20200220
48PWV;20200215
48PWV;20200210
48PWV;20200205
48PWV;20200326
48PWV;20200321
48PWV;20200316
48PWV;20200311
48PWV;20200306
48PWV;20200301
48PWV;20200420
48PWV;20200415
48PWV;20200410
48PWV;20200405
48PWV;20200515
48PWV;20200505
48PWV;20200629
48PWV;20201116
48PWV;20210130
48PWV;20210125
48PWV;20210115
48PWV;20210326
48PWV;20210321
48PWV;20210306
48PWV;20210515
48PWV;20210510
48PWV;20210729
48PWV;20210828
48PWV;20210912
48PXV;20150820
48PXV;20150810
48PXV;20150929
48PXV;20150909
48PXV;20151128
48PXV;20151118
48PXV;20160117
48PXV;20160107
48PXV;20160216
48PXV;20160206
48PXV;20160317
48PXV;20160307
48PXV;20160426
48PXV;20160416
48PXV;20160406
48PXV;20160526
48PXV;20160516
48PXV;20160506
48PXV;20160625
48PXV;20160615
48PXV;20160605
48PXV;20160725
48PXV;20160715
48PXV;20160824
48PXV;20160814
48PXV;20160804
48PXV;20160923
48PXV;20160913
48PXV;20160903
48PXV;20161023
48PXV;20161013
48PXV;20161003
48PXV;20161122
48PXV;20161112
48PXV;20161102
48PXV;20170111
48PXV;20170101
48PXV;20170220
48PXV;20170210
48PXV;20170322
48PXV;20170312
48PXV;20170302
48PXV;20170421
48PXV;20170411
48PXV;20170401
48PXV;20170521
48PXV;20170511
48PXV;20170501
48PXV;20170620
48PXV;20170610
48PXV;20170730
48PXV;20170725
48PXV;20170720
48PXV;20170715
48PXV;20170710
48PXV;20170705
48PXV;20170829
48PXV;20170824
48PXV;20170819
48PXV;20170814
48PXV;20170809
48PXV;20170804
48PXV;20170928
48PXV;20170923
48PXV;20170918
48PXV;20170913
48PXV;20170908
48PXV;20171028
48PXV;20171023
48PXV;20171018
48PXV;20171013
48PXV;20171008
48PXV;20171003
48PXV;20171127
48PXV;20171122
48PXV;20171117
48PXV;20171112
48PXV;20171107
48PXV;20171102
48PXV;20180126
48PXV;20180121
48PXV;20180116
48PXV;20180111
48PXV;20180106
48PXV;20180101
48PXV;20180225
48PXV;20180220
48PXV;20180215
48PXV;20180210
48PXV;20180205
48PXV;20180327
48PXV;20180322
48PXV;20180317
48PXV;20180312
48PXV;20180307
48PXV;20180302
48PXV;20180426
48PXV;20180421
48PXV;20180416
48PXV;20180411
48PXV;20180406
48PXV;20180401
48PXV;20180526
48PXV;20180521
48PXV;20180511
48PXV;20180506
48PXV;20180501
48PXV;20180625
48PXV;20180620
48PXV;20180615
48PXV;20180610
48PXV;20180605
48PXV;20180730
48PXV;20180725
48PXV;20180720
48PXV;20180715
48PXV;20180710
48PXV;20180705
48PXV;20180829
48PXV;20180829
48PXV;20180824
48PXV;20180819
48PXV;20180814
48PXV;20180809
48PXV;20180809
48PXV;20180804
48PXV;20180928
48PXV;20180918
48PXV;20180913
48PXV;20180908
48PXV;20180903
48PXV;20181028
48PXV;20181023
48PXV;20181018
48PXV;20181013
48PXV;20181008
48PXV;20181003
48PXV;20181127
48PXV;20181122
48PXV;20181117
48PXV;20181112
48PXV;20181107
48PXV;20181102
48PXV;20190126
48PXV;20190126
48PXV;20190121
48PXV;20190116
48PXV;20190111
48PXV;20190106
48PXV;20190101
48PXV;20190225
48PXV;20190220
48PXV;20190215
48PXV;20190210
48PXV;20190205
48PXV;20190327
48PXV;20190322
48PXV;20190317
48PXV;20190312
48PXV;20190302
48PXV;20190426
48PXV;20190421
48PXV;20190416
48PXV;20190411
48PXV;20190406
48PXV;20190401
48PXV;20190526
48PXV;20190521
48PXV;20190516
48PXV;20190511
48PXV;20190506
48PXV;20190501
48PXV;20190625
48PXV;20190620
48PXV;20190615
48PXV;20190610
48PXV;20190605
48PXV;20190730
48PXV;20190725
48PXV;20190720
48PXV;20190715
48PXV;20190710
48PXV;20190705
48PXV;20190829
48PXV;20190824
48PXV;20190819
48PXV;20190814
48PXV;20190809
48PXV;20190804
48PXV;20190923
48PXV;20190918
48PXV;20190913
48PXV;20190908
48PXV;20190903
48PXV;20191028
48PXV;20191023
48PXV;20191018
48PXV;20191013
48PXV;20191013
48PXV;20191008
48PXV;20191127
48PXV;20191122
48PXV;20191117
48PXV;20191112
48PXV;20191107
48PXV;20200126
48PXV;20200121
48PXV;20200116
48PXV;20200111
48PXV;20200106
48PXV;20200101
48PXV;20200225
48PXV;20200220
48PXV;20200215
48PXV;20200210
48PXV;20200205
48PXV;20200326
48PXV;20200321
48PXV;20200316
48PXV;20200311
48PXV;20200306
48PXV;20200301
48PXV;20200420
48PXV;20200415
48PXV;20200410
48PXV;20200405
48PXV;20200515
48PXV;20200505
48PXV;20200629
48PXV;20201116
48PXV;20210130
48PXV;20210125
48PXV;20210115
48PXV;20210326
48PXV;20210321
48PXV;20210306
48PXV;20210515
48PXV;20210510
48PXV;20210729
48PXV;20210828
48PXV;20210912
48PXV;20220115
48PWA;20150820
48PWA;20150810
48PWA;20150909
48PWA;20151128
48PWA;20160117
48PWA;20160107
48PWA;20160216
48PWA;20160206
48PWA;20160317
48PWA;20160307
48PWA;20160426
48PWA;20160416
48PWA;20160406
48PWA;20160526
48PWA;20160516
48PWA;20160506
48PWA;20160625
48PWA;20160615
48PWA;20160605
48PWA;20160725
48PWA;20160715
48PWA;20160824
48PWA;20160814
48PWA;20160804
48PWA;20160923
48PWA;20160913
48PWA;20160903
48PWA;20161023
48PWA;20161013
48PWA;20161003
48PWA;20161122
48PWA;20161112
48PWA;20161102
48PWA;20170111
48PWA;20170101
48PWA;20170220
48PWA;20170210
48PWA;20170322
48PWA;20170312
48PWA;20170302
48PWA;20170421
48PWA;20170411
48PWA;20170401
48PWA;20170521
48PWA;20170511
48PWA;20170501
48PWA;20170620
48PWA;20170610
48PWA;20170730
48PWA;20170725
48PWA;20170720
48PWA;20170715
48PWA;20170710
48PWA;20170829
48PWA;20170824
48PWA;20170819
48PWA;20170814
48PWA;20170809
48PWA;20170804
48PWA;20170928
48PWA;20170923
48PWA;20170918
48PWA;20170908
48PWA;20171028
48PWA;20171023
48PWA;20171018
48PWA;20171013
48PWA;20171008
48PWA;20171003
48PWA;20171127
48PWA;20171122
48PWA;20171122
48PWA;20171117
48PWA;20171112
48PWA;20171107
48PWA;20171102
48PWA;20180126
48PWA;20180121
48PWA;20180121
48PWA;20180116
48PWA;20180111
48PWA;20180106
48PWA;20180225
48PWA;20180220
48PWA;20180215
48PWA;20180210
48PWA;20180205
48PWA;20180327
48PWA;20180322
48PWA;20180317
48PWA;20180312
48PWA;20180307
48PWA;20180302
48PWA;20180426
48PWA;20180421
48PWA;20180416
48PWA;20180411
48PWA;20180406
48PWA;20180401
48PWA;20180526
48PWA;20180521
48PWA;20180516
48PWA;20180511
48PWA;20180506
48PWA;20180501
48PWA;20180625
48PWA;20180620
48PWA;20180620
48PWA;20180615
48PWA;20180610
48PWA;20180605
48PWA;20180730
48PWA;20180725
48PWA;20180720
48PWA;20180715
48PWA;20180710
48PWA;20180705
48PWA;20180829
48PWA;20180824
48PWA;20180819
48PWA;20180814
48PWA;20180809
48PWA;20180804
48PWA;20180928
48PWA;20180918
48PWA;20180913
48PWA;20180908
48PWA;20180903
48PWA;20181028
48PWA;20181023
48PWA;20181013
48PWA;20181008
48PWA;20181003
48PWA;20181127
48PWA;20181122
48PWA;20181117
48PWA;20181112
48PWA;20181107
48PWA;20181102
48PWA;20190126
48PWA;20190121
48PWA;20190116
48PWA;20190111
48PWA;20190106
48PWA;20190101
48PWA;20190225
48PWA;20190220
48PWA;20190215
48PWA;20190210
48PWA;20190205
48PWA;20190327
48PWA;20190322
48PWA;20190317
48PWA;20190312
48PWA;20190302
48PWA;20190426
48PWA;20190421
48PWA;20190416
48PWA;20190411
48PWA;20190406
48PWA;20190401
48PWA;20190526
48PWA;20190521
48PWA;20190516
48PWA;20190511
48PWA;20190506
48PWA;20190501
48PWA;20190625
48PWA;20190620
48PWA;20190615
48PWA;20190610
48PWA;20190605
48PWA;20190730
48PWA;20190725
48PWA;20190720
48PWA;20190715
48PWA;20190710
48PWA;20190705
48PWA;20190829
48PWA;20190824
48PWA;20190819
48PWA;20190814
48PWA;20190809
48PWA;20190804
48PWA;20190923
48PWA;20190918
48PWA;20190913
48PWA;20190908
48PWA;20190903
48PWA;20191028
48PWA;20191023
48PWA;20191018
48PWA;20191018
48PWA;20191013
48PWA;20191008
48PWA;20191127
48PWA;20191122
48PWA;20191117
48PWA;20191112
48PWA;20191107
48PWA;20200126
48PWA;20200121
48PWA;20200116
48PWA;20200111
48PWA;20200106
48PWA;20200225
48PWA;20200220
48PWA;20200215
48PWA;20200215
48PWA;20200210
48PWA;20200326
48PWA;20200321
48PWA;20200316
48PWA;20200311
48PWA;20200306
48PWA;20200420
48PWA;20200415
48PWA;20200410
48PWA;20200405
48PWA;20200515
48PWA;20200505
48PWA;20200629
48PWA;20200604
48PWA;20201116
48PWA;20210130
48PWA;20210125
48PWA;20210115
48PWA;20210326
48PWA;20210321
48PWA;20210306
48PWA;20210515
48PWA;20210510
48PWA;20210729
48PWA;20210828
48PWA;20210912
48PWA;20220115
48PWB;20150820
48PWB;20150810
48PWB;20150909
48PWB;20151022
48PWB;20151128
48PWB;20160130
48PWB;20160117
48PWB;20160110
48PWB;20160107
48PWB;20160219
48PWB;20160216
48PWB;20160209
48PWB;20160206
48PWB;20160330
48PWB;20160317
48PWB;20160310
48PWB;20160307
48PWB;20160426
48PWB;20160419
48PWB;20160416
48PWB;20160409
48PWB;20160406
48PWB;20160526
48PWB;20160519
48PWB;20160516
48PWB;20160509
48PWB;20160506
48PWB;20160628
48PWB;20160625
48PWB;20160618
48PWB;20160615
48PWB;20160608
48PWB;20160605
48PWB;20160728
48PWB;20160725
48PWB;20160718
48PWB;20160715
48PWB;20160708
48PWB;20160827
48PWB;20160824
48PWB;20160814
48PWB;20160807
48PWB;20160804
48PWB;20160926
48PWB;20160923
48PWB;20160916
48PWB;20160913
48PWB;20160906
48PWB;20160903
48PWB;20161026
48PWB;20161023
48PWB;20161016
48PWB;20161013
48PWB;20161006
48PWB;20161003
48PWB;20161125
48PWB;20161122
48PWB;20161115
48PWB;20161112
48PWB;20161105
48PWB;20170124
48PWB;20170114
48PWB;20170111
48PWB;20170104
48PWB;20170101
48PWB;20170223
48PWB;20170220
48PWB;20170213
48PWB;20170210
48PWB;20170203
48PWB;20170325
48PWB;20170315
48PWB;20170312
48PWB;20170305
48PWB;20170302
48PWB;20170424
48PWB;20170421
48PWB;20170414
48PWB;20170411
48PWB;20170404
48PWB;20170401
48PWB;20170524
48PWB;20170521
48PWB;20170514
48PWB;20170511
48PWB;20170504
48PWB;20170501
48PWB;20170620
48PWB;20170613
48PWB;20170610
48PWB;20170603
48PWB;20170730
48PWB;20170725
48PWB;20170723
48PWB;20170720
48PWB;20170715
48PWB;20170713
48PWB;20170710
48PWB;20170708
48PWB;20170829
48PWB;20170824
48PWB;20170822
48PWB;20170819
48PWB;20170819
48PWB;20170817
48PWB;20170814
48PWB;20170812
48PWB;20170809
48PWB;20170807
48PWB;20170804
48PWB;20170928
48PWB;20170926
48PWB;20170923
48PWB;20170921
48PWB;20170918
48PWB;20170916
48PWB;20170913
48PWB;20170911
48PWB;20170908
48PWB;20170903
48PWB;20170901
48PWB;20171028
48PWB;20171026
48PWB;20171023
48PWB;20171021
48PWB;20171018
48PWB;20171016
48PWB;20171013
48PWB;20171011
48PWB;20171008
48PWB;20171006
48PWB;20171003
48PWB;20171001
48PWB;20171127
48PWB;20171125
48PWB;20171122
48PWB;20171120
48PWB;20171117
48PWB;20171115
48PWB;20171112
48PWB;20171110
48PWB;20171107
48PWB;20171105
48PWB;20171102
48PWB;20180129
48PWB;20180126
48PWB;20180124
48PWB;20180121
48PWB;20180116
48PWB;20180114
48PWB;20180111
48PWB;20180109
48PWB;20180106
48PWB;20180104
48PWB;20180225
48PWB;20180223
48PWB;20180220
48PWB;20180218
48PWB;20180215
48PWB;20180213
48PWB;20180210
48PWB;20180208
48PWB;20180205
48PWB;20180203
48PWB;20180330
48PWB;20180327
48PWB;20180325
48PWB;20180322
48PWB;20180320
48PWB;20180317
48PWB;20180315
48PWB;20180312
48PWB;20180310
48PWB;20180307
48PWB;20180305
48PWB;20180302
48PWB;20180429
48PWB;20180426
48PWB;20180424
48PWB;20180421
48PWB;20180419
48PWB;20180416
48PWB;20180414
48PWB;20180411
48PWB;20180406
48PWB;20180404
48PWB;20180401
48PWB;20180529
48PWB;20180526
48PWB;20180524
48PWB;20180521
48PWB;20180519
48PWB;20180516
48PWB;20180511
48PWB;20180509
48PWB;20180506
48PWB;20180504
48PWB;20180501
48PWB;20180628
48PWB;20180625
48PWB;20180623
48PWB;20180620
48PWB;20180618
48PWB;20180615
48PWB;20180613
48PWB;20180610
48PWB;20180605
48PWB;20180603
48PWB;20180730
48PWB;20180728
48PWB;20180725
48PWB;20180723
48PWB;20180720
48PWB;20180715
48PWB;20180713
48PWB;20180710
48PWB;20180705
48PWB;20180703
48PWB;20180829
48PWB;20180827
48PWB;20180824
48PWB;20180822
48PWB;20180819
48PWB;20180817
48PWB;20180814
48PWB;20180812
48PWB;20180809
48PWB;20180807
48PWB;20180804
48PWB;20180802
48PWB;20180928
48PWB;20180926
48PWB;20180921
48PWB;20180918
48PWB;20180913
48PWB;20180911
48PWB;20180908
48PWB;20180906
48PWB;20180903
48PWB;20180901
48PWB;20181028
48PWB;20181026
48PWB;20181023
48PWB;20181021
48PWB;20181016
48PWB;20181013
48PWB;20181011
48PWB;20181008
48PWB;20181006
48PWB;20181003
48PWB;20181001
48PWB;20181127
48PWB;20181125
48PWB;20181122
48PWB;20181120
48PWB;20181117
48PWB;20181115
48PWB;20181112
48PWB;20181110
48PWB;20181107
48PWB;20181105
48PWB;20181102
48PWB;20190129
48PWB;20190126
48PWB;20190124
48PWB;20190121
48PWB;20190119
48PWB;20190116
48PWB;20190114
48PWB;20190111
48PWB;20190109
48PWB;20190106
48PWB;20190104
48PWB;20190101
48PWB;20190225
48PWB;20190223
48PWB;20190220
48PWB;20190218
48PWB;20190215
48PWB;20190213
48PWB;20190210
48PWB;20190208
48PWB;20190205
48PWB;20190203
48PWB;20190330
48PWB;20190327
48PWB;20190325
48PWB;20190322
48PWB;20190320
48PWB;20190317
48PWB;20190315
48PWB;20190312
48PWB;20190310
48PWB;20190305
48PWB;20190302
48PWB;20190429
48PWB;20190426
48PWB;20190424
48PWB;20190421
48PWB;20190419
48PWB;20190416
48PWB;20190414
48PWB;20190411
48PWB;20190409
48PWB;20190406
48PWB;20190404
48PWB;20190401
48PWB;20190526
48PWB;20190524
48PWB;20190521
48PWB;20190519
48PWB;20190516
48PWB;20190514
48PWB;20190511
48PWB;20190506
48PWB;20190504
48PWB;20190501
48PWB;20190628
48PWB;20190625
48PWB;20190623
48PWB;20190620
48PWB;20190618
48PWB;20190615
48PWB;20190615
48PWB;20190613
48PWB;20190610
48PWB;20190608
48PWB;20190605
48PWB;20190603
48PWB;20190730
48PWB;20190728
48PWB;20190725
48PWB;20190723
48PWB;20190720
48PWB;20190718
48PWB;20190715
48PWB;20190713
48PWB;20190710
48PWB;20190708
48PWB;20190705
48PWB;20190829
48PWB;20190827
48PWB;20190824
48PWB;20190822
48PWB;20190819
48PWB;20190812
48PWB;20190809
48PWB;20190807
48PWB;20190804
48PWB;20190802
48PWB;20190928
48PWB;20190928
48PWB;20190926
48PWB;20190923
48PWB;20190918
48PWB;20190916
48PWB;20190913
48PWB;20190911
48PWB;20190908
48PWB;20190906
48PWB;20190903
48PWB;20190901
48PWB;20191028
48PWB;20191026
48PWB;20191023
48PWB;20191021
48PWB;20191018
48PWB;20191016
48PWB;20191013
48PWB;20191011
48PWB;20191008
48PWB;20191006
48PWB;20191001
48PWB;20191127
48PWB;20191125
48PWB;20191122
48PWB;20191120
48PWB;20191117
48PWB;20191115
48PWB;20191112
48PWB;20191110
48PWB;20191107
48PWB;20191105
48PWB;20200129
48PWB;20200126
48PWB;20200124
48PWB;20200121
48PWB;20200119
48PWB;20200116
48PWB;20200114
48PWB;20200111
48PWB;20200109
48PWB;20200106
48PWB;20200104
48PWB;20200228
48PWB;20200225
48PWB;20200223
48PWB;20200220
48PWB;20200218
48PWB;20200215
48PWB;20200213
48PWB;20200210
48PWB;20200208
48PWB;20200205
48PWB;20200329
48PWB;20200326
48PWB;20200324
48PWB;20200321
48PWB;20200319
48PWB;20200316
48PWB;20200314
48PWB;20200311
48PWB;20200309
48PWB;20200306
48PWB;20200304
48PWB;20200428
48PWB;20200423
48PWB;20200420
48PWB;20200418
48PWB;20200415
48PWB;20200413
48PWB;20200410
48PWB;20200408
48PWB;20200405
48PWB;20200515
48PWB;20200505
48PWB;20200629
48PWB;20200604
48PWB;20201116
48PWB;20210130
48PWB;20210130
48PWB;20210125
48PWB;20210115
48PWB;20210113
48PWB;20210108
48PWB;20210103
48PWB;20210227
48PWB;20210212
48PWB;20210326
48PWB;20210321
48PWB;20210306
48PWB;20210418
48PWB;20210523
48PWB;20210515
48PWB;20210510
48PWB;20210508
48PWB;20210503
48PWB;20210612
48PWB;20210729
48PWB;20210717
48PWB;20210828
48PWB;20210826
48PWB;20210912
48PWB;20220217
48PWB;20220329
