index;Date;Tile
1;20230420;48PWQ
3;20230410;48PWQ
5;20230729;48PWQ
7;20230719;48PWQ
9;20230709;48PWQ
11;20230629;48PWQ
13;20230619;48PWQ
15;20230609;48PWQ
17;20230530;48PWQ
19;20230520;48PWQ
21;20230510;48PWQ
23;20230927;48PWQ
25;20230917;48PWQ
27;20230907;48PWQ
29;20230326;48PWQ
31;20230316;48PWQ
35;20231126;48PWQ
37;20231116;48PWQ
39;20231101;48PWQ
49;20231022;48PWQ
51;20231012;48PWQ
53;20231002;48PWQ
54;20231211;48PWQ
55;20231206;48PWQ
63;20230828;48PWQ
65;20230818;48PWQ
67;20230808;48PWQ
69;20231126;48PWT
71;20231116;48PWT
75;20230425;48PWT
77;20230415;48PWT
79;20230405;48PWT
81;20230525;48PWT
83;20230515;48PWT
85;20230505;48PWT
86;20231216;48PWT
88;20230629;48PWT
90;20230619;48PWT
92;20230609;48PWT
94;20230729;48PWT
96;20230719;48PWT
98;20230709;48PWT
100;20231027;48PWT
104;20231012;48PWT
106;20231002;48PWT
108;20230922;48PWT
110;20230912;48PWT
112;20230902;48PWT
114;20230321;48PWT
116;20230311;48PWT
119;20230130;48PWT
120;20230125;48PWT
121;20230120;48PWT
122;20230115;48PWT
123;20230110;48PWT
124;20230105;48PWT
126;20230823;48PWT
128;20230813;48PWT
130;20230803;48PWT
131;20230224;48PWT
132;20230219;48PWT
133;20230214;48PWT
134;20230209;48PWT
135;20230204;48PWT
139;20230112;48PYS
140;20230107;48PYS
141;20230102;48PYS
143;20230621;48PYS
145;20230611;48PYS
147;20230601;48PYS
149;20231024;48PYS
151;20231014;48PYS
153;20231004;48PYS
155;20230422;48PYS
157;20230407;48PYS
159;20231208;48PYS
160;20231203;48PYS
162;20230323;48PYS
164;20230313;48PYS
168;20230924;48PYS
172;20230909;48PYS
174;20230527;48PYS
176;20230517;48PYS
178;20230507;48PYS
180;20230830;48PYS
182;20230820;48PYS
184;20230810;48PYS
186;20231128;48PYS
189;20231118;48PYS
191;20231103;48PYS
193;20230721;48PYS
195;20230711;48PYS
197;20230701;48PYS
198;20230226;48PYS
199;20230221;48PYS
200;20230216;48PYS
201;20230211;48PYS
202;20230206;48PYS
203;20230201;48PYS
205;20230925;48PWA
207;20230920;48PWA
211;20230912;48PWA
213;20230907;48PWA
215;20230902;48PWA
219;20230823;48PWA
223;20230816;48PWA
225;20230811;48PWA
227;20230806;48PWA
229;20230801;48PWA
230;20231216;48PWA
231;20231211;48PWA
232;20231209;48PWA
233;20231206;48PWA
235;20231201;48PWA
237;20231027;48PWA
241;20231020;48PWA
243;20231015;48PWA
245;20231010;48PWA
247;20231005;48PWA
249;20230428;48PWA
251;20230423;48PWA
253;20230418;48PWA
255;20230413;48PWA
257;20230408;48PWA
259;20230403;48PWA
261;20230224;48PWA
262;20230222;48PWA
263;20230219;48PWA
265;20230214;48PWA
266;20230212;48PWA
267;20230209;48PWA
269;20230204;48PWA
270;20230202;48PWA
272;20231126;48PWA
274;20231121;48PWA
276;20231116;48PWA
278;20231106;48PWA
280;20231101;48PWA
282;20230528;48PWA
284;20230523;48PWA
286;20230518;48PWA
288;20230513;48PWA
290;20230508;48PWA
292;20230503;48PWA
294;20230627;48PWA
296;20230622;48PWA
298;20230617;48PWA
300;20230612;48PWA
302;20230607;48PWA
304;20230602;48PWA
305;20230130;48PWA
307;20230125;48PWA
308;20230123;48PWA
309;20230120;48PWA
311;20230115;48PWA
312;20230115;48PWA
313;20230113;48PWA
314;20230110;48PWA
316;20230105;48PWA
317;20230103;48PWA
319;20230326;48PWA
321;20230321;48PWA
323;20230316;48PWA
325;20230311;48PWA
327;20230306;48PWA
328;20230301;48PWA
329;20230729;48PWA
333;20230722;48PWA
335;20230717;48PWA
337;20230712;48PWA
339;20230707;48PWA
341;20230702;48PWA
343;20230626;48PXU
345;20230621;48PXU
347;20230616;48PXU
349;20230611;48PXU
351;20230606;48PXU
353;20230601;48PXU
355;20230726;48PXU
357;20230721;48PXU
359;20230716;48PXU
361;20230711;48PXU
363;20230706;48PXU
365;20230701;48PXU
367;20230326;48PXU
369;20230321;48PXU
371;20230316;48PXU
373;20230311;48PXU
374;20230308;48PXU
375;20230306;48PXU
376;20230303;48PXU
377;20230301;48PXU
379;20231027;48PXU
381;20231022;48PXU
383;20231017;48PXU
385;20231012;48PXU
387;20231007;48PXU
389;20231002;48PXU
391;20230527;48PXU
393;20230522;48PXU
395;20230517;48PXU
397;20230512;48PXU
399;20230507;48PXU
401;20230502;48PXU
402;20230130;48PXU
403;20230127;48PXU
404;20230125;48PXU
405;20230122;48PXU
406;20230120;48PXU
407;20230117;48PXU
408;20230115;48PXU
409;20230112;48PXU
410;20230110;48PXU
411;20230107;48PXU
412;20230105;48PXU
413;20230102;48PXU
415;20231126;48PXU
417;20231121;48PXU
418;20231118;48PXU
420;20231108;48PXU
422;20231103;48PXU
424;20230830;48PXU
426;20230825;48PXU
428;20230820;48PXU
430;20230815;48PXU
432;20230810;48PXU
434;20230805;48PXU
436;20231216;48PXU
437;20231213;48PXU
438;20231206;48PXU
439;20231203;48PXU
441;20230427;48PXU
443;20230422;48PXU
445;20230415;48PXU
447;20230410;48PXU
449;20230405;48PXU
451;20230929;48PXU
453;20230924;48PXU
455;20230919;48PXU
457;20230914;48PXU
459;20230909;48PXU
461;20230904;48PXU
463;20230226;48PXU
464;20230224;48PXU
465;20230221;48PXU
466;20230219;48PXU
467;20230216;48PXU
468;20230214;48PXU
469;20230211;48PXU
470;20230209;48PXU
471;20230206;48PXU
472;20230204;48PXU
473;20230201;48PXU
474;20230427;48PXR
476;20230422;48PXR
478;20230415;48PXR
480;20230410;48PXR
482;20230405;48PXR
486;20230626;48PXR
488;20230621;48PXR
490;20230616;48PXR
492;20230611;48PXR
494;20230606;48PXR
496;20230601;48PXR
498;20230828;48PXR
500;20230823;48PXR
502;20230818;48PXR
504;20230813;48PXR
506;20230808;48PXR
508;20230803;48PXR
510;20231027;48PXR
512;20231022;48PXR
514;20231017;48PXR
516;20231012;48PXR
518;20231007;48PXR
520;20231002;48PXR
521;20231218;48PXR
522;20231216;48PXR
523;20231213;48PXR
524;20231206;48PXR
526;20231201;48PXR
548;20231128;48PXR
550;20231123;48PXR
552;20231118;48PXR
554;20231108;48PXR
556;20231103;48PXR
558;20230929;48PXR
560;20230924;48PXR
562;20230919;48PXR
564;20230914;48PXR
566;20230909;48PXR
568;20230904;48PXR
570;20230729;48PXR
572;20230724;48PXR
574;20230719;48PXR
576;20230714;48PXR
578;20230709;48PXR
580;20230704;48PXR
582;20230328;48PXR
584;20230323;48PXR
586;20230318;48PXR
588;20230313;48PXR
594;20230530;48PXR
596;20230525;48PXR
598;20230520;48PXR
600;20230515;48PXR
602;20230510;48PXR
604;20230505;48PXR
620;20231214;48PVT
621;20231211;48PVT
622;20231209;48PVT
623;20231206;48PVT
624;20231204;48PVT
626;20230227;48PVT
627;20230224;48PVT
629;20230219;48PVT
630;20230217;48PVT
631;20230214;48PVT
633;20230209;48PVT
634;20230207;48PVT
635;20230204;48PVT
639;20230528;48PVT
641;20230523;48PVT
643;20230518;48PVT
645;20230513;48PVT
647;20230508;48PVT
649;20230503;48PVT
651;20231027;48PVT
653;20231022;48PVT
657;20231015;48PVT
659;20231010;48PVT
661;20231005;48PVT
663;20231129;48PVT
665;20231124;48PVT
669;20231109;48PVT
673;20231101;48PVT
677;20230724;48PVT
679;20230719;48PVT
681;20230714;48PVT
683;20230709;48PVT
685;20230704;48PVT
687;20230629;48PVT
689;20230624;48PVT
691;20230619;48PVT
693;20230614;48PVT
695;20230609;48PVT
697;20230604;48PVT
699;20230130;48PVT
700;20230128;48PVT
701;20230125;48PVT
703;20230120;48PVT
704;20230118;48PVT
705;20230115;48PVT
707;20230110;48PVT
708;20230108;48PVT
709;20230105;48PVT
711;20230329;48PVT
713;20230324;48PVT
715;20230319;48PVT
717;20230314;48PVT
719;20230309;48PVT
723;20230826;48PVT
725;20230821;48PVT
727;20230816;48PVT
729;20230811;48PVT
731;20230806;48PVT
733;20230801;48PVT
735;20230925;48PVT
737;20230920;48PVT
739;20230915;48PVT
741;20230910;48PVT
743;20230905;48PVT
745;20230428;48PVT
747;20230423;48PVT
749;20230418;48PVT
751;20230413;48PVT
753;20230408;48PVT
755;20230403;48PVT
756;20230226;48PYR
757;20230221;48PYR
758;20230216;48PYR
759;20230211;48PYR
760;20230206;48PYR
761;20230201;48PYR
762;20230527;48PYR
763;20230522;48PYR
764;20230517;48PYR
765;20230512;48PYR
766;20230507;48PYR
767;20230502;48PYR
768;20230726;48PYR
769;20230721;48PYR
770;20230716;48PYR
771;20230711;48PYR
772;20230706;48PYR
773;20230701;48PYR
774;20231118;48PYR
775;20231108;48PYR
776;20231103;48PYR
777;20231208;48PYR
778;20231203;48PYR
779;20230328;48PYR
780;20230323;48PYR
781;20230318;48PYR
782;20230313;48PYR
783;20230308;48PYR
784;20230303;48PYR
785;20230626;48PYR
786;20230621;48PYR
787;20230616;48PYR
788;20230611;48PYR
789;20230606;48PYR
790;20230601;48PYR
791;20230830;48PYR
792;20230825;48PYR
793;20230820;48PYR
794;20230815;48PYR
795;20230810;48PYR
796;20230805;48PYR
797;20230929;48PYR
798;20230924;48PYR
799;20230919;48PYR
800;20230919;48PYR
801;20230914;48PYR
802;20230909;48PYR
803;20230904;48PYR
804;20231029;48PYR
805;20231024;48PYR
806;20231019;48PYR
807;20231014;48PYR
808;20231009;48PYR
809;20231004;48PYR
810;20230427;48PYR
811;20230422;48PYR
812;20230412;48PYR
813;20230407;48PYR
814;20230402;48PYR
815;20230127;48PYR
816;20230122;48PYR
817;20230117;48PYR
818;20230112;48PYR
819;20230112;48PYR
820;20230107;48PYR
821;20230102;48PYR
822;20230102;48PYR
824;20230525;48PWR
826;20230515;48PWR
828;20230505;48PWR
830;20230823;48PWR
832;20230813;48PWR
834;20230803;48PWR
836;20230724;48PWR
838;20230714;48PWR
840;20230704;48PWR
842;20230420;48PWR
844;20230410;48PWR
846;20231027;48PWR
848;20231017;48PWR
850;20231007;48PWR
872;20231201;48PWR
874;20231121;48PWR
876;20231106;48PWR
878;20230629;48PWR
880;20230619;48PWR
882;20230609;48PWR
884;20230326;48PWR
886;20230316;48PWR
890;20230927;48PWR
892;20230917;48PWR
894;20230907;48PWR
896;20230425;48PWU
898;20230415;48PWU
900;20230405;48PWU
901;20230224;48PWU
902;20230219;48PWU
903;20230214;48PWU
904;20230209;48PWU
905;20230204;48PWU
907;20230724;48PWU
909;20230714;48PWU
911;20230704;48PWU
913;20230624;48PWU
915;20230614;48PWU
917;20230604;48PWU
918;20231126;48PWU
920;20231116;48PWU
924;20230326;48PWU
926;20230316;48PWU
928;20230306;48PWU
929;20230301;48PWU
930;20230530;48PWU
932;20230520;48PWU
934;20230510;48PWU
936;20230927;48PWU
938;20230917;48PWU
940;20230907;48PWU
942;20231027;48PWU
944;20231017;48PWU
946;20231007;48PWU
948;20230828;48PWU
950;20230818;48PWU
952;20230808;48PWU
954;20230130;48PWU
955;20230125;48PWU
956;20230120;48PWU
957;20230115;48PWU
958;20230110;48PWU
959;20230105;48PWU
960;20231216;48PWU
961;20231211;48PWU
962;20231201;48PWU
964;20230622;48PUV
966;20230612;48PUV
968;20230602;48PUV
970;20230222;48PUV
972;20230212;48PUV
974;20230202;48PUV
978;20230717;48PUV
980;20230707;48PUV
982;20231030;48PUV
984;20231020;48PUV
988;20231005;48PUV
990;20230423;48PUV
992;20230413;48PUV
994;20230403;48PUV
996;20231124;48PUV
998;20231109;48PUV
1000;20230329;48PUV
1002;20230319;48PUV
1006;20230528;48PUV
1008;20230518;48PUV
1010;20230508;48PUV
1012;20230826;48PUV
1014;20230816;48PUV
1016;20230806;48PUV
1018;20230925;48PUV
1020;20230915;48PUV
1022;20230905;48PUV
1024;20230123;48PUV
1026;20230113;48PUV
1028;20230103;48PUV
1030;20230530;48PWV
1032;20230520;48PWV
1034;20230510;48PWV
1036;20230326;48PWV
1038;20230316;48PWV
1040;20230306;48PWV
1041;20230301;48PWV
1042;20230130;48PWV
1043;20230125;48PWV
1044;20230120;48PWV
1045;20230115;48PWV
1046;20230115;48PWV
1047;20230110;48PWV
1048;20230105;48PWV
1049;20231126;48PWV
1051;20231106;48PWV
1053;20230425;48PWV
1055;20230415;48PWV
1057;20230405;48PWV
1059;20230724;48PWV
1061;20230714;48PWV
1063;20230704;48PWV
1064;20230224;48PWV
1065;20230219;48PWV
1066;20230214;48PWV
1067;20230209;48PWV
1068;20230204;48PWV
1070;20230922;48PWV
1072;20230912;48PWV
1074;20230902;48PWV
1076;20231022;48PWV
1078;20231012;48PWV
1080;20231002;48PWV
1081;20231211;48PWV
1083;20230629;48PWV
1085;20230619;48PWV
1087;20230609;48PWV
1089;20230828;48PWV
1093;20230813;48PWV
1095;20230803;48PWV
1097;20230326;48PXT
1099;20230321;48PXT
1101;20230316;48PXT
1103;20230311;48PXT
1109;20230626;48PXT
1111;20230621;48PXT
1113;20230616;48PXT
1115;20230611;48PXT
1117;20230606;48PXT
1119;20230601;48PXT
1121;20231126;48PXT
1125;20231118;48PXT
1127;20231108;48PXT
1131;20231101;48PXT
1132;20231216;48PXT
1133;20231213;48PXT
1134;20231211;48PXT
1136;20231201;48PXT
1137;20230130;48PXT
1138;20230127;48PXT
1139;20230125;48PXT
1140;20230122;48PXT
1141;20230120;48PXT
1142;20230117;48PXT
1143;20230115;48PXT
1144;20230112;48PXT
1145;20230110;48PXT
1146;20230107;48PXT
1147;20230105;48PXT
1148;20230102;48PXT
1150;20230828;48PXT
1152;20230823;48PXT
1154;20230818;48PXT
1156;20230813;48PXT
1158;20230808;48PXT
1160;20230803;48PXT
1162;20231027;48PXT
1164;20231022;48PXT
1168;20231014;48PXT
1170;20231009;48PXT
1172;20231004;48PXT
1174;20230729;48PXT
1176;20230724;48PXT
1178;20230719;48PXT
1180;20230714;48PXT
1182;20230709;48PXT
1184;20230704;48PXT
1186;20230530;48PXT
1188;20230525;48PXT
1190;20230520;48PXT
1192;20230515;48PXT
1194;20230510;48PXT
1196;20230505;48PXT
1198;20230929;48PXT
1200;20230924;48PXT
1202;20230919;48PXT
1204;20230914;48PXT
1206;20230909;48PXT
1208;20230904;48PXT
1210;20230226;48PXT
1211;20230224;48PXT
1212;20230221;48PXT
1213;20230219;48PXT
1214;20230216;48PXT
1215;20230214;48PXT
1216;20230211;48PXT
1217;20230209;48PXT
1218;20230206;48PXT
1219;20230204;48PXT
1220;20230201;48PXT
1221;20230427;48PXT
1223;20230422;48PXT
1225;20230415;48PXT
1227;20230410;48PXT
1229;20230405;48PXT
1231;20231128;48PYQ
1232;20231118;48PYQ
1233;20231108;48PYQ
1234;20231103;48PYQ
1235;20230328;48PYQ
1236;20230323;48PYQ
1237;20230318;48PYQ
1238;20230313;48PYQ
1239;20230308;48PYQ
1240;20230303;48PYQ
1241;20230226;48PYQ
1242;20230221;48PYQ
1243;20230216;48PYQ
1244;20230211;48PYQ
1245;20230206;48PYQ
1246;20230201;48PYQ
1247;20230830;48PYQ
1248;20230825;48PYQ
1249;20230820;48PYQ
1250;20230815;48PYQ
1251;20230810;48PYQ
1252;20230805;48PYQ
1253;20230527;48PYQ
1254;20230522;48PYQ
1255;20230517;48PYQ
1256;20230512;48PYQ
1257;20230507;48PYQ
1258;20230502;48PYQ
1259;20230626;48PYQ
1260;20230621;48PYQ
1261;20230616;48PYQ
1262;20230611;48PYQ
1263;20230606;48PYQ
1264;20230601;48PYQ
1265;20230726;48PYQ
1266;20230721;48PYQ
1267;20230716;48PYQ
1268;20230711;48PYQ
1269;20230706;48PYQ
1270;20230701;48PYQ
1271;20231029;48PYQ
1272;20231029;48PYQ
1273;20231024;48PYQ
1274;20231019;48PYQ
1275;20231014;48PYQ
1276;20231009;48PYQ
1277;20231004;48PYQ
1278;20230929;48PYQ
1279;20230924;48PYQ
1280;20230919;48PYQ
1281;20230914;48PYQ
1282;20230909;48PYQ
1283;20230904;48PYQ
1284;20231208;48PYQ
1285;20230127;48PYQ
1286;20230122;48PYQ
1287;20230117;48PYQ
1288;20230112;48PYQ
1289;20230107;48PYQ
1290;20230102;48PYQ
1291;20230102;48PYQ
1292;20230427;48PYQ
1293;20230422;48PYQ
1294;20230412;48PYQ
1295;20230407;48PYQ
1296;20230402;48PYQ
1297;20230328;48PXQ
1298;20230326;48PXQ
1299;20230323;48PXQ
1300;20230321;48PXQ
1301;20230318;48PXQ
1302;20230316;48PXQ
1303;20230313;48PXQ
1304;20230311;48PXQ
1305;20230308;48PXQ
1306;20230306;48PXQ
1307;20230303;48PXQ
1308;20230301;48PXQ
1309;20230929;48PXQ
1310;20230927;48PXQ
1311;20230924;48PXQ
1312;20230922;48PXQ
1313;20230919;48PXQ
1314;20230917;48PXQ
1315;20230914;48PXQ
1316;20230912;48PXQ
1317;20230909;48PXQ
1318;20230907;48PXQ
1319;20230904;48PXQ
1320;20230902;48PXQ
1321;20230729;48PXQ
1322;20230726;48PXQ
1323;20230724;48PXQ
1324;20230721;48PXQ
1325;20230719;48PXQ
1326;20230716;48PXQ
1327;20230714;48PXQ
1328;20230711;48PXQ
1329;20230709;48PXQ
1330;20230706;48PXQ
1331;20230704;48PXQ
1332;20230701;48PXQ
1333;20230226;48PXQ
1334;20230224;48PXQ
1335;20230221;48PXQ
1336;20230219;48PXQ
1337;20230216;48PXQ
1338;20230214;48PXQ
1339;20230211;48PXQ
1340;20230209;48PXQ
1341;20230209;48PXQ
1342;20230206;48PXQ
1343;20230204;48PXQ
1344;20230201;48PXQ
1345;20230130;48PXQ
1346;20230127;48PXQ
1347;20230125;48PXQ
1348;20230122;48PXQ
1349;20230120;48PXQ
1350;20230117;48PXQ
1351;20230115;48PXQ
1352;20230112;48PXQ
1353;20230110;48PXQ
1354;20230107;48PXQ
1355;20230105;48PXQ
1356;20230102;48PXQ
1357;20230102;48PXQ
1358;20230530;48PXQ
1359;20230527;48PXQ
1360;20230525;48PXQ
1361;20230522;48PXQ
1362;20230520;48PXQ
1363;20230517;48PXQ
1364;20230515;48PXQ
1365;20230512;48PXQ
1366;20230510;48PXQ
1367;20230507;48PXQ
1368;20230505;48PXQ
1369;20230502;48PXQ
1370;20230830;48PXQ
1371;20230828;48PXQ
1372;20230825;48PXQ
1373;20230823;48PXQ
1374;20230820;48PXQ
1375;20230818;48PXQ
1376;20230815;48PXQ
1377;20230813;48PXQ
1378;20230810;48PXQ
1379;20230808;48PXQ
1380;20230805;48PXQ
1381;20230803;48PXQ
1382;20230427;48PXQ
1383;20230425;48PXQ
1384;20230422;48PXQ
1385;20230420;48PXQ
1386;20230415;48PXQ
1387;20230412;48PXQ
1388;20230410;48PXQ
1389;20230407;48PXQ
1390;20230405;48PXQ
1391;20230402;48PXQ
1392;20231216;48PXQ
1393;20231211;48PXQ
1394;20231208;48PXQ
1395;20231206;48PXQ
1396;20231029;48PXQ
1397;20231029;48PXQ
1398;20231027;48PXQ
1399;20231024;48PXQ
1400;20231022;48PXQ
1401;20231019;48PXQ
1402;20231017;48PXQ
1403;20231014;48PXQ
1404;20231012;48PXQ
1405;20231009;48PXQ
1406;20231007;48PXQ
1407;20231004;48PXQ
1408;20231002;48PXQ
1409;20230629;48PXQ
1410;20230626;48PXQ
1411;20230624;48PXQ
1412;20230621;48PXQ
1413;20230619;48PXQ
1414;20230616;48PXQ
1415;20230614;48PXQ
1416;20230611;48PXQ
1417;20230609;48PXQ
1418;20230606;48PXQ
1419;20230604;48PXQ
1420;20230601;48PXQ
1421;20231118;48PXQ
1422;20231108;48PXQ
1423;20231106;48PXQ
1424;20231103;48PXQ
1425;20231101;48PXQ
1426;20230326;48PWS
1428;20230316;48PWS
1432;20230927;48PWS
1434;20230917;48PWS
1436;20230907;48PWS
1438;20231216;48PWS
1439;20231216;48PWS
1440;20231211;48PWS
1441;20231201;48PWS
1452;20231121;48PWS
1453;20231116;48PWS
1455;20231101;48PWS
1457;20230823;48PWS
1459;20230813;48PWS
1461;20230803;48PWS
1463;20230525;48PWS
1465;20230515;48PWS
1467;20230505;48PWS
1471;20230619;48PWS
1473;20230609;48PWS
1475;20230729;48PWS
1477;20230719;48PWS
1479;20230709;48PWS
1481;20230425;48PWS
1483;20230415;48PWS
1485;20230405;48PWS
1487;20231022;48PWS
1489;20231012;48PWS
1491;20231002;48PWS
1501;20230321;48PXV
1503;20230311;48PXV
1504;20230306;48PXV
1505;20230301;48PXV
1507;20230922;48PXV
1511;20230907;48PXV
1513;20231027;48PXV
1515;20231017;48PXV
1517;20231007;48PXV
1519;20230130;48PXV
1520;20230125;48PXV
1521;20230120;48PXV
1522;20230115;48PXV
1523;20230115;48PXV
1524;20230110;48PXV
1525;20230105;48PXV
1526;20230224;48PXV
1527;20230219;48PXV
1528;20230214;48PXV
1529;20230209;48PXV
1530;20230204;48PXV
1531;20231126;48PXV
1533;20231116;48PXV
1535;20231101;48PXV
1536;20231216;48PXV
1537;20231211;48PXV
1538;20231206;48PXV
1540;20230530;48PXV
1542;20230520;48PXV
1544;20230510;48PXV
1548;20230823;48PXV
1552;20230808;48PXV
1554;20230729;48PXV
1556;20230719;48PXV
1558;20230709;48PXV
1560;20230629;48PXV
1562;20230619;48PXV
1564;20230609;48PXV
1566;20230425;48PXV
1568;20230415;48PXV
1570;20230405;48PXV
1574;20230724;48PVU
1576;20230719;48PVU
1578;20230714;48PVU
1580;20230709;48PVU
1582;20230704;48PVU
1584;20230428;48PVU
1586;20230423;48PVU
1588;20230418;48PVU
1590;20230413;48PVU
1592;20230408;48PVU
1594;20230403;48PVU
1596;20230627;48PVU
1598;20230622;48PVU
1600;20230617;48PVU
1602;20230612;48PVU
1604;20230607;48PVU
1606;20230602;48PVU
1607;20230130;48PVU
1609;20230125;48PVU
1610;20230123;48PVU
1611;20230120;48PVU
1613;20230115;48PVU
1614;20230113;48PVU
1615;20230110;48PVU
1617;20230105;48PVU
1618;20230103;48PVU
1620;20230925;48PVU
1622;20230920;48PVU
1624;20230915;48PVU
1626;20230910;48PVU
1628;20230905;48PVU
1630;20230227;48PVU
1631;20230224;48PVU
1633;20230219;48PVU
1634;20230217;48PVU
1635;20230214;48PVU
1637;20230209;48PVU
1638;20230207;48PVU
1639;20230204;48PVU
1641;20231030;48PVU
1643;20231025;48PVU
1645;20231020;48PVU
1647;20231015;48PVU
1649;20231010;48PVU
1651;20231005;48PVU
1653;20231216;48PVU
1654;20231209;48PVU
1655;20231206;48PVU
1656;20231204;48PVU
1658;20230329;48PVU
1660;20230324;48PVU
1662;20230319;48PVU
1664;20230314;48PVU
1666;20230309;48PVU
1670;20230528;48PVU
1672;20230523;48PVU
1674;20230518;48PVU
1676;20230513;48PVU
1678;20230508;48PVU
1680;20230503;48PVU
1682;20230826;48PVU
1684;20230821;48PVU
1686;20230816;48PVU
1688;20230811;48PVU
1690;20230806;48PVU
1692;20230801;48PVU
1694;20231126;48PVU
1696;20231121;48PVU
1698;20231116;48PVU
1702;20231104;48PVU
1704;20231029;48PYT
1706;20231024;48PYT
1708;20231019;48PYT
1710;20231014;48PYT
1712;20231009;48PYT
1714;20231004;48PYT
1716;20230629;48PYT
1718;20230624;48PYT
1720;20230619;48PYT
1722;20230614;48PYT
1724;20230609;48PYT
1726;20230604;48PYT
1728;20230530;48PYT
1730;20230525;48PYT
1732;20230520;48PYT
1734;20230515;48PYT
1736;20230510;48PYT
1738;20230505;48PYT
1740;20231216;48PYT
1741;20231213;48PYT
1742;20231211;48PYT
1743;20231208;48PYT
1744;20231203;48PYT
1746;20230929;48PYT
1748;20230924;48PYT
1750;20230919;48PYT
1752;20230914;48PYT
1754;20230909;48PYT
1756;20230904;48PYT
1758;20231128;48PYT
1762;20231121;48PYT
1764;20231108;48PYT
1768;20231101;48PYT
1769;20230130;48PYT
1770;20230127;48PYT
1771;20230125;48PYT
1772;20230122;48PYT
1773;20230120;48PYT
1774;20230117;48PYT
1775;20230115;48PYT
1776;20230112;48PYT
1777;20230110;48PYT
1778;20230107;48PYT
1779;20230105;48PYT
1780;20230102;48PYT
1782;20230828;48PYT
1784;20230823;48PYT
1786;20230818;48PYT
1788;20230813;48PYT
1790;20230808;48PYT
1792;20230803;48PYT
1794;20230326;48PYT
1796;20230321;48PYT
1798;20230316;48PYT
1800;20230311;48PYT
1806;20230425;48PYT
1808;20230420;48PYT
1810;20230412;48PYT
1812;20230407;48PYT
1814;20230402;48PYT
1815;20230226;48PYT
1816;20230224;48PYT
1817;20230221;48PYT
1818;20230219;48PYT
1819;20230216;48PYT
1820;20230214;48PYT
1821;20230211;48PYT
1822;20230209;48PYT
1823;20230206;48PYT
1824;20230204;48PYT
1825;20230201;48PYT
1827;20230726;48PYT
1829;20230721;48PYT
1831;20230716;48PYT
1833;20230711;48PYT
1835;20230706;48PYT
1837;20230701;48PYT
1839;20230425;48PWB
1841;20230420;48PWB
1843;20230415;48PWB
1845;20230410;48PWB
1847;20230405;48PWB
1849;20230629;48PWB
1853;20230622;48PWB
1855;20230617;48PWB
1859;20230609;48PWB
1863;20230602;48PWB
1865;20231027;48PWB
1867;20231022;48PWB
1869;20231017;48PWB
1871;20231012;48PWB
1873;20231007;48PWB
1875;20231002;48PWB
1877;20231126;48PWB
1881;20231119;48PWB
1883;20231109;48PWB
1885;20231104;48PWB
1887;20230729;48PWB
1893;20230719;48PWB
1895;20230714;48PWB
1897;20230709;48PWB
1901;20230702;48PWB
1902;20230130;48PWB
1904;20230125;48PWB
1905;20230123;48PWB
1906;20230120;48PWB
1908;20230115;48PWB
1909;20230113;48PWB
1910;20230110;48PWB
1912;20230105;48PWB
1913;20230103;48PWB
1915;20230925;48PWB
1917;20230920;48PWB
1919;20230915;48PWB
1921;20230910;48PWB
1923;20230905;48PWB
1925;20230530;48PWB
1929;20230523;48PWB
1931;20230518;48PWB
1933;20230513;48PWB
1935;20230508;48PWB
1937;20230503;48PWB
1939;20230326;48PWB
1941;20230321;48PWB
1943;20230316;48PWB
1945;20230311;48PWB
1947;20230306;48PWB
1948;20230301;48PWB
1949;20230227;48PWB
1950;20230224;48PWB
1952;20230219;48PWB
1953;20230217;48PWB
1954;20230214;48PWB
1956;20230209;48PWB
1957;20230207;48PWB
1958;20230204;48PWB
1960;20231211;48PWB
1961;20231209;48PWB
1962;20231204;48PWB
1964;20230828;48PWB
1966;20230823;48PWB
1968;20230818;48PWB
1970;20230813;48PWB
1972;20230808;48PWB
1974;20230803;48PWB
1976;20231030;48PVV
1978;20231025;48PVV
1980;20231020;48PVV
1982;20231015;48PVV
1986;20231007;48PVV
1988;20231002;48PVV
1990;20230528;48PVV
1992;20230523;48PVV
1994;20230518;48PVV
1996;20230513;48PVV
1998;20230508;48PVV
2000;20230503;48PVV
2002;20230627;48PVV
2004;20230622;48PVV
2006;20230617;48PVV
2008;20230612;48PVV
2010;20230607;48PVV
2012;20230602;48PVV
2014;20230425;48PVV
2016;20230420;48PVV
2018;20230415;48PVV
2020;20230410;48PVV
2022;20230405;48PVV
2024;20230828;48PVV
2026;20230823;48PVV
2028;20230818;48PVV
2030;20230813;48PVV
2032;20230808;48PVV
2034;20230803;48PVV
2036;20230227;48PVV
2037;20230224;48PVV
2039;20230219;48PVV
2040;20230217;48PVV
2041;20230214;48PVV
2043;20230209;48PVV
2044;20230207;48PVV
2045;20230204;48PVV
2047;20230329;48PVV
2049;20230324;48PVV
2051;20230319;48PVV
2053;20230314;48PVV
2057;20230306;48PVV
2058;20230301;48PVV
2059;20230729;48PVV
2063;20230722;48PVV
2065;20230717;48PVV
2067;20230712;48PVV
2069;20230707;48PVV
2071;20230702;48PVV
2072;20230130;48PVV
2074;20230125;48PVV
2075;20230123;48PVV
2076;20230120;48PVV
2078;20230115;48PVV
2079;20230113;48PVV
2080;20230110;48PVV
2082;20230105;48PVV
2083;20230103;48PVV
2084;20231216;48PVV
2085;20231211;48PVV
2086;20231209;48PVV
2088;20231201;48PVV
2090;20231126;48PVV
2092;20231121;48PVV
2094;20231116;48PVV
2096;20231106;48PVV
2098;20231101;48PVV
2100;20230925;48PVV
2102;20230920;48PVV
2104;20230915;48PVV
2106;20230910;48PVV
2108;20230905;48PVV
2112;20230626;48PXS
2114;20230621;48PXS
2116;20230616;48PXS
2118;20230611;48PXS
2120;20230606;48PXS
2122;20230601;48PXS
2124;20230726;48PXS
2126;20230721;48PXS
2128;20230716;48PXS
2130;20230711;48PXS
2132;20230706;48PXS
2134;20230701;48PXS
2141;20230211;48PXS
2142;20230209;48PXS
2143;20230206;48PXS
2144;20230204;48PXS
2145;20230201;48PXS
2146;20230130;48PXS
2147;20230127;48PXS
2148;20230125;48PXS
2149;20230122;48PXS
2150;20230120;48PXS
2151;20230117;48PXS
2152;20230115;48PXS
2153;20230112;48PXS
2154;20230110;48PXS
2155;20230107;48PXS
2156;20230105;48PXS
2157;20230102;48PXS
2159;20231027;48PXS
2161;20231022;48PXS
2165;20231014;48PXS
2167;20231009;48PXS
2169;20231004;48PXS
2171;20230328;48PXS
2173;20230323;48PXS
2175;20230318;48PXS
2177;20230313;48PXS
2183;20231216;48PXS
2184;20231208;48PXS
2185;20231206;48PXS
2187;20231201;48PXS
2189;20230527;48PXS
2191;20230522;48PXS
2193;20230517;48PXS
2195;20230512;48PXS
2197;20230507;48PXS
2199;20230502;48PXS
2201;20230425;48PXS
2203;20230420;48PXS
2205;20230412;48PXS
2207;20230407;48PXS
2209;20230402;48PXS
2211;20230828;48PXS
2213;20230823;48PXS
2215;20230818;48PXS
2217;20230813;48PXS
2219;20230808;48PXS
2221;20230803;48PXS
2223;20231126;48PXS
2226;20231121;48PXS
2228;20231116;48PXS
2230;20231106;48PXS
2232;20231101;48PXS
2234;20230927;48PXS
2236;20230922;48PXS
2240;20230914;48PXS
2242;20230909;48PXS
2244;20230904;48PXS
2287;20211126;48PWQ
2288;20211126;48PWQ
2289;20211121;48PWQ
2290;20211116;48PWQ
2291;20211111;48PWQ
2292;20211106;48PWQ
2293;20211101;48PWQ
2551;20210428;48PWA
2918;20211128;48PXR
2919;20211126;48PXR
2920;20211123;48PXR
2921;20211121;48PXR
2922;20211118;48PXR
2923;20211116;48PXR
2924;20211113;48PXR
2925;20211111;48PXR
2926;20211108;48PXR
2927;20211106;48PXR
2928;20211103;48PXR
2929;20211101;48PXR
3162;20210423;48PVT
3170;20210201;48PYR
3171;20210201;48PYR
3172;20210226;48PYR
3173;20210221;48PYR
3174;20210216;48PYR
3175;20210211;48PYR
3176;20210206;48PYR
3177;20210512;48PYR
3178;20210512;48PYR
3179;20210507;48PYR
3180;20210507;48PYR
3181;20210527;48PYR
3182;20210522;48PYR
3183;20210517;48PYR
3184;20210502;48PYR
3185;20210726;48PYR
3186;20210726;48PYR
3187;20210716;48PYR
3188;20210716;48PYR
3189;20210721;48PYR
3190;20210711;48PYR
3191;20210706;48PYR
3192;20210701;48PYR
3193;20211128;48PYR
3194;20211123;48PYR
3195;20211118;48PYR
3196;20211113;48PYR
3197;20211108;48PYR
3198;20211103;48PYR
3199;20211228;48PYR
3200;20211223;48PYR
3201;20211218;48PYR
3202;20211213;48PYR
3203;20211208;48PYR
3204;20211203;48PYR
3205;20210328;48PYR
3206;20210323;48PYR
3207;20210318;48PYR
3208;20210313;48PYR
3209;20210308;48PYR
3210;20210303;48PYR
3211;20210626;48PYR
3212;20210621;48PYR
3213;20210616;48PYR
3214;20210611;48PYR
3215;20210606;48PYR
3216;20210601;48PYR
3217;20210830;48PYR
3218;20210825;48PYR
3219;20210820;48PYR
3220;20210815;48PYR
3221;20210810;48PYR
3222;20210805;48PYR
3223;20210929;48PYR
3224;20210924;48PYR
3225;20210919;48PYR
3226;20210914;48PYR
3227;20210909;48PYR
3228;20210904;48PYR
3229;20211029;48PYR
3230;20211024;48PYR
3231;20211019;48PYR
3232;20211014;48PYR
3233;20211009;48PYR
3234;20211004;48PYR
3235;20210427;48PYR
3236;20210422;48PYR
3237;20210417;48PYR
3238;20210412;48PYR
3239;20210407;48PYR
3240;20210402;48PYR
3241;20210107;48PYR
3242;20210107;48PYR
3243;20210127;48PYR
3244;20210122;48PYR
3245;20210117;48PYR
3246;20210117;48PYR
3247;20210112;48PYR
3248;20210112;48PYR
3249;20210102;48PYR
3370;20210316;48PWU
3563;20211201;48PWV
3744;20211128;48PYQ
3745;20211128;48PYQ
3746;20211123;48PYQ
3747;20211118;48PYQ
3748;20211113;48PYQ
3749;20211108;48PYQ
3750;20211103;48PYQ
3751;20210328;48PYQ
3752;20210323;48PYQ
3753;20210318;48PYQ
3754;20210318;48PYQ
3755;20210313;48PYQ
3756;20210308;48PYQ
3757;20210303;48PYQ
3758;20210201;48PYQ
3759;20210201;48PYQ
3760;20210226;48PYQ
3761;20210221;48PYQ
3762;20210216;48PYQ
3763;20210211;48PYQ
3764;20210206;48PYQ
3765;20210830;48PYQ
3766;20210825;48PYQ
3767;20210820;48PYQ
3768;20210815;48PYQ
3769;20210810;48PYQ
3770;20210805;48PYQ
3771;20210512;48PYQ
3772;20210512;48PYQ
3773;20210507;48PYQ
3774;20210507;48PYQ
3775;20210527;48PYQ
3776;20210522;48PYQ
3777;20210517;48PYQ
3778;20210502;48PYQ
3779;20210626;48PYQ
3780;20210621;48PYQ
3781;20210616;48PYQ
3782;20210611;48PYQ
3783;20210606;48PYQ
3784;20210601;48PYQ
3785;20210726;48PYQ
3786;20210726;48PYQ
3787;20210716;48PYQ
3788;20210716;48PYQ
3789;20210721;48PYQ
3790;20210711;48PYQ
3791;20210706;48PYQ
3792;20210701;48PYQ
3793;20211029;48PYQ
3794;20211024;48PYQ
3795;20211019;48PYQ
3796;20211014;48PYQ
3797;20211009;48PYQ
3798;20211004;48PYQ
3799;20210929;48PYQ
3800;20210924;48PYQ
3801;20210919;48PYQ
3802;20210914;48PYQ
3803;20210909;48PYQ
3804;20210904;48PYQ
3805;20211228;48PYQ
3806;20211223;48PYQ
3807;20211218;48PYQ
3808;20211213;48PYQ
3809;20211208;48PYQ
3810;20211203;48PYQ
3811;20211203;48PYQ
3812;20210112;48PYQ
3813;20210112;48PYQ
3814;20210127;48PYQ
3815;20210122;48PYQ
3816;20210117;48PYQ
3817;20210107;48PYQ
3818;20210102;48PYQ
3819;20210427;48PYQ
3820;20210422;48PYQ
3821;20210417;48PYQ
3822;20210412;48PYQ
3823;20210407;48PYQ
3824;20210402;48PYQ
3825;20210326;48PXQ
3826;20210326;48PXQ
3827;20210321;48PXQ
3828;20210321;48PXQ
3829;20210306;48PXQ
3830;20210306;48PXQ
3831;20210328;48PXQ
3832;20210323;48PXQ
3833;20210318;48PXQ
3834;20210318;48PXQ
3835;20210316;48PXQ
3836;20210313;48PXQ
3837;20210311;48PXQ
3838;20210308;48PXQ
3839;20210303;48PXQ
3840;20210301;48PXQ
3841;20210912;48PXQ
3842;20210912;48PXQ
3843;20210929;48PXQ
3844;20210927;48PXQ
3845;20210924;48PXQ
3846;20210922;48PXQ
3847;20210919;48PXQ
3848;20210917;48PXQ
3849;20210914;48PXQ
3850;20210909;48PXQ
3851;20210907;48PXQ
3852;20210904;48PXQ
3853;20210902;48PXQ
3854;20210729;48PXQ
3855;20210729;48PXQ
3856;20210726;48PXQ
3857;20210726;48PXQ
3858;20210716;48PXQ
3859;20210716;48PXQ
3860;20210724;48PXQ
3861;20210721;48PXQ
3862;20210719;48PXQ
3863;20210714;48PXQ
3864;20210711;48PXQ
3865;20210709;48PXQ
3866;20210706;48PXQ
3867;20210704;48PXQ
3868;20210701;48PXQ
3869;20210204;48PXQ
3870;20210204;48PXQ
3871;20210201;48PXQ
3872;20210201;48PXQ
3873;20210226;48PXQ
3874;20210224;48PXQ
3875;20210221;48PXQ
3876;20210219;48PXQ
3877;20210216;48PXQ
3878;20210214;48PXQ
3879;20210211;48PXQ
3880;20210209;48PXQ
3881;20210206;48PXQ
3882;20210130;48PXQ
3883;20210130;48PXQ
3884;20210120;48PXQ
3885;20210120;48PXQ
3886;20210115;48PXQ
3887;20210115;48PXQ
3888;20210112;48PXQ
3889;20210112;48PXQ
3890;20210127;48PXQ
3891;20210125;48PXQ
3892;20210125;48PXQ
3893;20210122;48PXQ
3894;20210117;48PXQ
3895;20210110;48PXQ
3896;20210107;48PXQ
3897;20210105;48PXQ
3898;20210102;48PXQ
3899;20210515;48PXQ
3900;20210515;48PXQ
3901;20210512;48PXQ
3902;20210512;48PXQ
3903;20210530;48PXQ
3904;20210527;48PXQ
3905;20210525;48PXQ
3906;20210522;48PXQ
3907;20210520;48PXQ
3908;20210517;48PXQ
3909;20210510;48PXQ
3910;20210507;48PXQ
3911;20210505;48PXQ
3912;20210502;48PXQ
3913;20210828;48PXQ
3914;20210828;48PXQ
3915;20210830;48PXQ
3916;20210825;48PXQ
3917;20210823;48PXQ
3918;20210820;48PXQ
3919;20210818;48PXQ
3920;20210815;48PXQ
3921;20210813;48PXQ
3922;20210810;48PXQ
3923;20210808;48PXQ
3924;20210805;48PXQ
3925;20210803;48PXQ
3926;20210427;48PXQ
3927;20210425;48PXQ
3928;20210422;48PXQ
3929;20210420;48PXQ
3930;20210417;48PXQ
3931;20210415;48PXQ
3932;20210412;48PXQ
3933;20210410;48PXQ
3934;20210407;48PXQ
3935;20210405;48PXQ
3936;20210402;48PXQ
3937;20211228;48PXQ
3938;20211226;48PXQ
3939;20211223;48PXQ
3940;20211221;48PXQ
3941;20211218;48PXQ
3942;20211216;48PXQ
3943;20211213;48PXQ
3944;20211211;48PXQ
3945;20211208;48PXQ
3946;20211206;48PXQ
3947;20211203;48PXQ
3948;20211203;48PXQ
3949;20211201;48PXQ
3950;20211029;48PXQ
3951;20211027;48PXQ
3952;20211024;48PXQ
3953;20211022;48PXQ
3954;20211019;48PXQ
3955;20211017;48PXQ
3956;20211014;48PXQ
3957;20211012;48PXQ
3958;20211009;48PXQ
3959;20211007;48PXQ
3960;20211004;48PXQ
3961;20211002;48PXQ
3962;20210629;48PXQ
3963;20210626;48PXQ
3964;20210624;48PXQ
3965;20210621;48PXQ
3966;20210619;48PXQ
3967;20210616;48PXQ
3968;20210614;48PXQ
3969;20210611;48PXQ
3970;20210609;48PXQ
3971;20210606;48PXQ
3972;20210604;48PXQ
3973;20210601;48PXQ
3974;20211128;48PXQ
3975;20211128;48PXQ
3976;20211126;48PXQ
3977;20211126;48PXQ
3978;20211123;48PXQ
3979;20211121;48PXQ
3980;20211118;48PXQ
3981;20211116;48PXQ
3982;20211113;48PXQ
3983;20211111;48PXQ
3984;20211108;48PXQ
3985;20211106;48PXQ
3986;20211103;48PXQ
3987;20211101;48PXQ
4022;20211126;48PWS
4023;20211121;48PWS
4024;20211116;48PWS
4025;20211111;48PWS
4026;20211106;48PWS
4027;20211101;48PWS
4491;20210423;48PWB
4707;20210423;48PVV
4747;20210329;48PVV
4757;20210306;48PVV
4758;20210306;48PVV
5029;20220301;48PWQ
5048;20221007;48PWQ
5198;20220830;48PYS
5199;20220825;48PYS
5200;20220820;48PYS
5201;20220815;48PYS
5202;20220810;48PYS
5203;20220810;48PYS
5204;20220805;48PYS
5289;20220227;48PWA
5290;20220224;48PWA
5291;20220222;48PWA
5292;20220219;48PWA
5293;20220217;48PWA
5294;20220214;48PWA
5295;20220212;48PWA
5296;20220209;48PWA
5297;20220209;48PWA
5298;20220207;48PWA
5299;20220204;48PWA
5300;20220202;48PWA
5442;20220115;48PXU
5443;20220130;48PXU
5444;20220127;48PXU
5445;20220125;48PXU
5446;20220122;48PXU
5447;20220120;48PXU
5448;20220117;48PXU
5449;20220112;48PXU
5450;20220110;48PXU
5451;20220107;48PXU
5452;20220105;48PXU
5453;20220102;48PXU
5548;20220830;48PXR
5549;20220828;48PXR
5550;20220825;48PXR
5551;20220823;48PXR
5552;20220820;48PXR
5553;20220818;48PXR
5554;20220815;48PXR
5555;20220813;48PXR
5556;20220810;48PXR
5557;20220808;48PXR
5558;20220805;48PXR
5559;20220803;48PXR
5652;20220226;48PXR
5653;20220226;48PXR
5654;20220224;48PXR
5655;20220221;48PXR
5656;20220219;48PXR
5657;20220216;48PXR
5658;20220214;48PXR
5659;20220211;48PXR
5660;20220209;48PXR
5661;20220206;48PXR
5662;20220204;48PXR
5663;20220201;48PXR
5780;20220826;48PVT
5781;20220823;48PVT
5782;20220821;48PVT
5786;20220811;48PVT
5787;20220808;48PVT
5788;20220806;48PVT
5789;20220803;48PVT
5790;20220801;48PVT
5813;20220226;48PYR
5814;20220226;48PYR
5815;20220221;48PYR
5816;20220216;48PYR
5817;20220211;48PYR
5818;20220206;48PYR
5819;20220201;48PYR
5820;20220527;48PYR
5821;20220522;48PYR
5822;20220517;48PYR
5823;20220512;48PYR
5824;20220507;48PYR
5825;20220502;48PYR
5826;20220726;48PYR
5827;20220721;48PYR
5828;20220716;48PYR
5829;20220711;48PYR
5830;20220706;48PYR
5831;20220701;48PYR
5832;20221128;48PYR
5833;20221123;48PYR
5834;20221118;48PYR
5835;20221113;48PYR
5836;20221103;48PYR
5837;20221228;48PYR
5838;20221223;48PYR
5839;20221218;48PYR
5840;20221208;48PYR
5841;20221203;48PYR
5842;20220328;48PYR
5843;20220323;48PYR
5844;20220318;48PYR
5845;20220313;48PYR
5846;20220308;48PYR
5847;20220303;48PYR
5848;20220626;48PYR
5849;20220621;48PYR
5850;20220616;48PYR
5851;20220611;48PYR
5852;20220606;48PYR
5853;20220601;48PYR
5854;20220830;48PYR
5855;20220825;48PYR
5856;20220820;48PYR
5857;20220815;48PYR
5858;20220810;48PYR
5859;20220805;48PYR
5860;20220929;48PYR
5861;20220924;48PYR
5862;20220919;48PYR
5863;20220914;48PYR
5864;20220909;48PYR
5865;20220904;48PYR
5866;20221029;48PYR
5867;20221024;48PYR
5868;20221019;48PYR
5869;20221014;48PYR
5870;20221009;48PYR
5871;20220427;48PYR
5872;20220422;48PYR
5873;20220417;48PYR
5874;20220412;48PYR
5875;20220407;48PYR
5876;20220402;48PYR
5877;20220127;48PYR
5878;20220122;48PYR
5879;20220117;48PYR
5880;20220112;48PYR
5881;20220107;48PYR
5882;20220102;48PYR
6159;20220224;48PWV
6160;20220219;48PWV
6161;20220214;48PWV
6162;20220209;48PWV
6163;20220204;48PWV
6377;20221128;48PYQ
6378;20221123;48PYQ
6379;20221118;48PYQ
6380;20221113;48PYQ
6381;20221103;48PYQ
6382;20220328;48PYQ
6383;20220323;48PYQ
6384;20220318;48PYQ
6385;20220313;48PYQ
6386;20220308;48PYQ
6387;20220303;48PYQ
6388;20220226;48PYQ
6389;20220226;48PYQ
6390;20220221;48PYQ
6391;20220216;48PYQ
6392;20220211;48PYQ
6393;20220206;48PYQ
6394;20220201;48PYQ
6395;20220830;48PYQ
6396;20220825;48PYQ
6397;20220820;48PYQ
6398;20220815;48PYQ
6399;20220810;48PYQ
6400;20220805;48PYQ
6401;20220527;48PYQ
6402;20220522;48PYQ
6403;20220517;48PYQ
6404;20220512;48PYQ
6405;20220507;48PYQ
6406;20220502;48PYQ
6407;20220626;48PYQ
6408;20220621;48PYQ
6409;20220616;48PYQ
6410;20220611;48PYQ
6411;20220606;48PYQ
6412;20220601;48PYQ
6413;20220726;48PYQ
6414;20220721;48PYQ
6415;20220716;48PYQ
6416;20220711;48PYQ
6417;20220706;48PYQ
6418;20220701;48PYQ
6419;20221029;48PYQ
6420;20221024;48PYQ
6421;20221019;48PYQ
6422;20221014;48PYQ
6423;20221009;48PYQ
6424;20220929;48PYQ
6425;20220924;48PYQ
6426;20220919;48PYQ
6427;20220914;48PYQ
6428;20220909;48PYQ
6429;20220904;48PYQ
6430;20221228;48PYQ
6431;20221223;48PYQ
6432;20221223;48PYQ
6433;20221218;48PYQ
6434;20221208;48PYQ
6435;20221203;48PYQ
6436;20220127;48PYQ
6437;20220122;48PYQ
6438;20220117;48PYQ
6439;20220112;48PYQ
6440;20220112;48PYQ
6441;20220107;48PYQ
6442;20220102;48PYQ
6443;20220427;48PYQ
6444;20220422;48PYQ
6445;20220417;48PYQ
6446;20220412;48PYQ
6447;20220407;48PYQ
6448;20220402;48PYQ
6449;20220328;48PXQ
6450;20220326;48PXQ
6451;20220323;48PXQ
6452;20220321;48PXQ
6453;20220318;48PXQ
6454;20220316;48PXQ
6455;20220313;48PXQ
6456;20220311;48PXQ
6457;20220308;48PXQ
6458;20220306;48PXQ
6459;20220303;48PXQ
6460;20220301;48PXQ
6461;20220929;48PXQ
6462;20220927;48PXQ
6463;20220924;48PXQ
6464;20220922;48PXQ
6465;20220919;48PXQ
6466;20220917;48PXQ
6467;20220914;48PXQ
6468;20220912;48PXQ
6469;20220909;48PXQ
6470;20220907;48PXQ
6471;20220904;48PXQ
6472;20220902;48PXQ
6473;20220729;48PXQ
6474;20220726;48PXQ
6475;20220724;48PXQ
6476;20220721;48PXQ
6477;20220719;48PXQ
6478;20220716;48PXQ
6479;20220714;48PXQ
6480;20220711;48PXQ
6481;20220709;48PXQ
6482;20220706;48PXQ
6483;20220704;48PXQ
6484;20220701;48PXQ
6485;20220226;48PXQ
6486;20220226;48PXQ
6487;20220224;48PXQ
6488;20220221;48PXQ
6489;20220219;48PXQ
6490;20220216;48PXQ
6491;20220214;48PXQ
6492;20220211;48PXQ
6493;20220209;48PXQ
6494;20220206;48PXQ
6495;20220204;48PXQ
6496;20220201;48PXQ
6497;20220130;48PXQ
6498;20220127;48PXQ
6499;20220125;48PXQ
6500;20220122;48PXQ
6501;20220120;48PXQ
6502;20220117;48PXQ
6503;20220115;48PXQ
6504;20220112;48PXQ
6505;20220112;48PXQ
6506;20220110;48PXQ
6507;20220107;48PXQ
6508;20220105;48PXQ
6509;20220102;48PXQ
6510;20220530;48PXQ
6511;20220527;48PXQ
6512;20220525;48PXQ
6513;20220522;48PXQ
6514;20220520;48PXQ
6515;20220517;48PXQ
6516;20220515;48PXQ
6517;20220512;48PXQ
6518;20220510;48PXQ
6519;20220507;48PXQ
6520;20220502;48PXQ
6521;20220830;48PXQ
6522;20220828;48PXQ
6523;20220825;48PXQ
6524;20220823;48PXQ
6525;20220820;48PXQ
6526;20220818;48PXQ
6527;20220815;48PXQ
6528;20220813;48PXQ
6529;20220810;48PXQ
6530;20220808;48PXQ
6531;20220805;48PXQ
6532;20220803;48PXQ
6533;20220427;48PXQ
6534;20220425;48PXQ
6535;20220422;48PXQ
6536;20220420;48PXQ
6537;20220417;48PXQ
6538;20220415;48PXQ
6539;20220412;48PXQ
6540;20220410;48PXQ
6541;20220407;48PXQ
6542;20220405;48PXQ
6543;20220402;48PXQ
6544;20221228;48PXQ
6545;20221226;48PXQ
6546;20221226;48PXQ
6547;20221223;48PXQ
6548;20221223;48PXQ
6549;20221221;48PXQ
6550;20221218;48PXQ
6551;20221216;48PXQ
6552;20221216;48PXQ
6553;20221211;48PXQ
6554;20221208;48PXQ
6555;20221206;48PXQ
6556;20221203;48PXQ
6557;20221201;48PXQ
6558;20221029;48PXQ
6559;20221027;48PXQ
6560;20221027;48PXQ
6561;20221024;48PXQ
6562;20221022;48PXQ
6563;20221019;48PXQ
6564;20221017;48PXQ
6565;20221014;48PXQ
6566;20221012;48PXQ
6567;20221009;48PXQ
6568;20221007;48PXQ
6569;20221002;48PXQ
6570;20220629;48PXQ
6571;20220626;48PXQ
6572;20220624;48PXQ
6573;20220621;48PXQ
6574;20220619;48PXQ
6575;20220616;48PXQ
6576;20220614;48PXQ
6577;20220611;48PXQ
6578;20220609;48PXQ
6579;20220606;48PXQ
6580;20220604;48PXQ
6581;20220601;48PXQ
6582;20221128;48PXQ
6583;20221126;48PXQ
6584;20221123;48PXQ
6585;20221121;48PXQ
6586;20221118;48PXQ
6587;20221116;48PXQ
6588;20221113;48PXQ
6589;20221111;48PXQ
6590;20221106;48PXQ
6591;20221103;48PXQ
6592;20221101;48PXQ
6657;20221027;48PWS
6658;20221022;48PWS
6659;20221017;48PWS
6660;20221012;48PWS
6661;20221007;48PWS
6662;20221002;48PWS
6694;20220224;48PXV
6695;20220219;48PXV
6696;20220214;48PXV
6697;20220209;48PXV
6698;20220204;48PXV
6746;20220629;48PXV
6747;20220629;48PXV
6748;20220624;48PXV
6749;20220619;48PXV
6750;20220619;48PXV
6751;20220614;48PXV
6752;20220609;48PXV
6753;20220604;48PXV
7588;20200306;48PWQ
7592;20200311;48PWQ
7593;20200301;48PWQ
7912;20200306;48PWA
7915;20200324;48PWA
7916;20200321;48PWA
7919;20200314;48PWA
7920;20200311;48PWA
7922;20200304;48PWA
7923;20200301;48PWA
8174;20201121;48PXR
8203;20200306;48PXR
8213;20200313;48PXR
8214;20200311;48PXR
8215;20200308;48PXR
8216;20200303;48PXR
8217;20200301;48PXR
8388;20200227;48PYR
8389;20200222;48PYR
8390;20200217;48PYR
8391;20200212;48PYR
8392;20200207;48PYR
8393;20200202;48PYR
8394;20200527;48PYR
8395;20200522;48PYR
8396;20200517;48PYR
8397;20200512;48PYR
8398;20200507;48PYR
8399;20200502;48PYR
8400;20200726;48PYR
8401;20200721;48PYR
8402;20200716;48PYR
8403;20200711;48PYR
8404;20200706;48PYR
8405;20200701;48PYR
8406;20201118;48PYR
8407;20201118;48PYR
8408;20201128;48PYR
8409;20201128;48PYR
8410;20201123;48PYR
8411;20201113;48PYR
8412;20201108;48PYR
8413;20201103;48PYR
8414;20201228;48PYR
8415;20201228;48PYR
8416;20201203;48PYR
8417;20201203;48PYR
8418;20201218;48PYR
8419;20201213;48PYR
8420;20201208;48PYR
8421;20200328;48PYR
8422;20200323;48PYR
8423;20200318;48PYR
8424;20200318;48PYR
8425;20200313;48PYR
8426;20200308;48PYR
8427;20200303;48PYR
8428;20200626;48PYR
8429;20200621;48PYR
8430;20200616;48PYR
8431;20200611;48PYR
8432;20200606;48PYR
8433;20200601;48PYR
8434;20200830;48PYR
8435;20200825;48PYR
8436;20200820;48PYR
8437;20200815;48PYR
8438;20200810;48PYR
8439;20200805;48PYR
8440;20200929;48PYR
8441;20200924;48PYR
8442;20200919;48PYR
8443;20200914;48PYR
8444;20200909;48PYR
8445;20200904;48PYR
8446;20201014;48PYR
8447;20201014;48PYR
8448;20201029;48PYR
8449;20201024;48PYR
8450;20201019;48PYR
8451;20201009;48PYR
8452;20201004;48PYR
8453;20200427;48PYR
8454;20200422;48PYR
8455;20200417;48PYR
8456;20200412;48PYR
8457;20200407;48PYR
8458;20200402;48PYR
8459;20200128;48PYR
8460;20200123;48PYR
8461;20200118;48PYR
8462;20200118;48PYR
8463;20200113;48PYR
8464;20200108;48PYR
8465;20200103;48PYR
8527;20200306;48PWR
8531;20200311;48PWR
8532;20200301;48PWR
8925;20201118;48PYQ
8926;20201118;48PYQ
8927;20201103;48PYQ
8928;20201103;48PYQ
8929;20201128;48PYQ
8930;20201128;48PYQ
8931;20201123;48PYQ
8932;20201113;48PYQ
8933;20201108;48PYQ
8934;20200328;48PYQ
8935;20200323;48PYQ
8936;20200318;48PYQ
8937;20200318;48PYQ
8938;20200313;48PYQ
8939;20200308;48PYQ
8940;20200303;48PYQ
8941;20200227;48PYQ
8942;20200222;48PYQ
8943;20200217;48PYQ
8944;20200212;48PYQ
8945;20200207;48PYQ
8946;20200202;48PYQ
8947;20200830;48PYQ
8948;20200825;48PYQ
8949;20200820;48PYQ
8950;20200815;48PYQ
8951;20200810;48PYQ
8952;20200805;48PYQ
8953;20200527;48PYQ
8954;20200522;48PYQ
8955;20200517;48PYQ
8956;20200517;48PYQ
8957;20200512;48PYQ
8958;20200507;48PYQ
8959;20200502;48PYQ
8960;20200626;48PYQ
8961;20200621;48PYQ
8962;20200616;48PYQ
8963;20200611;48PYQ
8964;20200606;48PYQ
8965;20200601;48PYQ
8966;20200726;48PYQ
8967;20200721;48PYQ
8968;20200716;48PYQ
8969;20200711;48PYQ
8970;20200706;48PYQ
8971;20200701;48PYQ
8972;20201014;48PYQ
8973;20201014;48PYQ
8974;20201029;48PYQ
8975;20201024;48PYQ
8976;20201019;48PYQ
8977;20201009;48PYQ
8978;20201004;48PYQ
8979;20200929;48PYQ
8980;20200924;48PYQ
8981;20200919;48PYQ
8982;20200914;48PYQ
8983;20200909;48PYQ
8984;20200904;48PYQ
8985;20201228;48PYQ
8986;20201228;48PYQ
8987;20201203;48PYQ
8988;20201203;48PYQ
8989;20201218;48PYQ
8990;20201213;48PYQ
8991;20201208;48PYQ
8992;20200128;48PYQ
8993;20200123;48PYQ
8994;20200118;48PYQ
8995;20200118;48PYQ
8996;20200113;48PYQ
8997;20200108;48PYQ
8998;20200103;48PYQ
8999;20200427;48PYQ
9000;20200422;48PYQ
9001;20200417;48PYQ
9002;20200412;48PYQ
9003;20200407;48PYQ
9004;20200402;48PYQ
9005;20200306;48PXQ
9006;20200328;48PXQ
9007;20200326;48PXQ
9008;20200323;48PXQ
9009;20200321;48PXQ
9010;20200318;48PXQ
9011;20200316;48PXQ
9012;20200313;48PXQ
9013;20200311;48PXQ
9014;20200308;48PXQ
9015;20200303;48PXQ
9016;20200301;48PXQ
9017;20200929;48PXQ
9018;20200927;48PXQ
9019;20200924;48PXQ
9020;20200922;48PXQ
9021;20200919;48PXQ
9022;20200917;48PXQ
9023;20200914;48PXQ
9024;20200912;48PXQ
9025;20200909;48PXQ
9026;20200907;48PXQ
9027;20200904;48PXQ
9028;20200902;48PXQ
9029;20200729;48PXQ
9030;20200726;48PXQ
9031;20200724;48PXQ
9032;20200721;48PXQ
9033;20200716;48PXQ
9034;20200714;48PXQ
9035;20200711;48PXQ
9036;20200709;48PXQ
9037;20200706;48PXQ
9038;20200704;48PXQ
9039;20200701;48PXQ
9040;20200227;48PXQ
9041;20200225;48PXQ
9042;20200222;48PXQ
9043;20200220;48PXQ
9044;20200217;48PXQ
9045;20200215;48PXQ
9046;20200212;48PXQ
9047;20200210;48PXQ
9048;20200207;48PXQ
9049;20200205;48PXQ
9050;20200202;48PXQ
9051;20200128;48PXQ
9052;20200126;48PXQ
9053;20200123;48PXQ
9054;20200121;48PXQ
9055;20200118;48PXQ
9056;20200116;48PXQ
9057;20200113;48PXQ
9058;20200111;48PXQ
9059;20200108;48PXQ
9060;20200106;48PXQ
9061;20200103;48PXQ
9062;20200101;48PXQ
9063;20200530;48PXQ
9064;20200527;48PXQ
9065;20200525;48PXQ
9066;20200522;48PXQ
9067;20200520;48PXQ
9068;20200517;48PXQ
9069;20200517;48PXQ
9070;20200515;48PXQ
9071;20200512;48PXQ
9072;20200510;48PXQ
9073;20200507;48PXQ
9074;20200505;48PXQ
9075;20200502;48PXQ
9076;20200830;48PXQ
9077;20200828;48PXQ
9078;20200825;48PXQ
9079;20200823;48PXQ
9080;20200820;48PXQ
9081;20200818;48PXQ
9082;20200815;48PXQ
9083;20200813;48PXQ
9084;20200810;48PXQ
9085;20200808;48PXQ
9086;20200805;48PXQ
9087;20200803;48PXQ
9088;20200427;48PXQ
9089;20200425;48PXQ
9090;20200422;48PXQ
9091;20200420;48PXQ
9092;20200417;48PXQ
9093;20200415;48PXQ
9094;20200412;48PXQ
9095;20200410;48PXQ
9096;20200407;48PXQ
9097;20200405;48PXQ
9098;20200402;48PXQ
9099;20201228;48PXQ
9100;20201228;48PXQ
9101;20201203;48PXQ
9102;20201203;48PXQ
9103;20201226;48PXQ
9104;20201221;48PXQ
9105;20201218;48PXQ
9106;20201216;48PXQ
9107;20201213;48PXQ
9108;20201211;48PXQ
9109;20201208;48PXQ
9110;20201206;48PXQ
9111;20201201;48PXQ
9112;20201201;48PXQ
9113;20201201;48PXQ
9114;20201014;48PXQ
9115;20201014;48PXQ
9116;20201029;48PXQ
9117;20201027;48PXQ
9118;20201024;48PXQ
9119;20201022;48PXQ
9120;20201019;48PXQ
9121;20201017;48PXQ
9122;20201012;48PXQ
9123;20201009;48PXQ
9124;20201007;48PXQ
9125;20201004;48PXQ
9126;20201002;48PXQ
9127;20200629;48PXQ
9128;20200626;48PXQ
9129;20200624;48PXQ
9130;20200621;48PXQ
9131;20200619;48PXQ
9132;20200616;48PXQ
9133;20200614;48PXQ
9134;20200611;48PXQ
9135;20200609;48PXQ
9136;20200606;48PXQ
9137;20200604;48PXQ
9138;20200601;48PXQ
9139;20201116;48PXQ
9140;20201116;48PXQ
9141;20201111;48PXQ
9142;20201111;48PXQ
9143;20201128;48PXQ
9144;20201128;48PXQ
9145;20201126;48PXQ
9146;20201123;48PXQ
9147;20201121;48PXQ
9148;20201118;48PXQ
9149;20201113;48PXQ
9150;20201108;48PXQ
9151;20201106;48PXQ
9152;20201103;48PXQ
9153;20201101;48PXQ
9154;20200306;48PWS
9158;20200311;48PWS
9159;20200301;48PWS
9704;20200306;48PWB
9705;20200329;48PWB
9706;20200326;48PWB
9707;20200324;48PWB
9708;20200321;48PWB
9709;20200319;48PWB
9710;20200316;48PWB
9711;20200314;48PWB
9712;20200311;48PWB
9713;20200309;48PWB
9714;20200304;48PWB
9715;20200301;48PWB
9960;20200103;48PXS
9982;20200313;48PXS
9985;20200303;48PXS
10117;20191003;48PWQ
10355;20190225;48PWA
10356;20190220;48PWA
10357;20190215;48PWA
10358;20190210;48PWA
10359;20190205;48PWA
10360;20190223;48PWA
10361;20190218;48PWA
10362;20190213;48PWA
10363;20190208;48PWA
10364;20190203;48PWA
10569;20190225;48PXU
10570;20190220;48PXU
10571;20190215;48PXU
10572;20190210;48PXU
10573;20190205;48PXU
10574;20190227;48PXU
10575;20190222;48PXU
10576;20190217;48PXU
10577;20190212;48PXU
10578;20190207;48PXU
10579;20190202;48PXU
10721;20190222;48PXR
10779;20191006;48PVT
10780;20191001;48PVT
10882;20190227;48PYR
10883;20190222;48PYR
10884;20190217;48PYR
10885;20190212;48PYR
10886;20190207;48PYR
10887;20190202;48PYR
10888;20190528;48PYR
10889;20190523;48PYR
10890;20190518;48PYR
10891;20190513;48PYR
10892;20190508;48PYR
10893;20190503;48PYR
10894;20190727;48PYR
10895;20190722;48PYR
10896;20190717;48PYR
10897;20190712;48PYR
10898;20190707;48PYR
10899;20190702;48PYR
10900;20191129;48PYR
10901;20191124;48PYR
10902;20191119;48PYR
10903;20191114;48PYR
10904;20191109;48PYR
10905;20191104;48PYR
10906;20191219;48PYR
10907;20191214;48PYR
10908;20191209;48PYR
10909;20191204;48PYR
10910;20191229;48PYR
10911;20191224;48PYR
10912;20190329;48PYR
10913;20190324;48PYR
10914;20190319;48PYR
10915;20190314;48PYR
10916;20190309;48PYR
10917;20190304;48PYR
10918;20190627;48PYR
10919;20190622;48PYR
10920;20190617;48PYR
10921;20190612;48PYR
10922;20190607;48PYR
10923;20190602;48PYR
10924;20190826;48PYR
10925;20190821;48PYR
10926;20190816;48PYR
10927;20190811;48PYR
10928;20190806;48PYR
10929;20190801;48PYR
10930;20190925;48PYR
10931;20190920;48PYR
10932;20190915;48PYR
10933;20190910;48PYR
10934;20190905;48PYR
10935;20191030;48PYR
10936;20191025;48PYR
10937;20191020;48PYR
10938;20191015;48PYR
10939;20191010;48PYR
10940;20191005;48PYR
10941;20190428;48PYR
10942;20190423;48PYR
10943;20190418;48PYR
10944;20190413;48PYR
10945;20190408;48PYR
10946;20190403;48PYR
10947;20190128;48PYR
10948;20190123;48PYR
10949;20190118;48PYR
10950;20190118;48PYR
10951;20190113;48PYR
10952;20190108;48PYR
10953;20190103;48PYR
10984;20191003;48PWR
11216;20190225;48PWV
11217;20190220;48PWV
11218;20190215;48PWV
11219;20190210;48PWV
11220;20190205;48PWV
11338;20191005;48PXT
11339;20191003;48PXT
11379;20190222;48PXT
11400;20191129;48PYQ
11401;20191124;48PYQ
11402;20191119;48PYQ
11403;20191114;48PYQ
11404;20191109;48PYQ
11405;20191104;48PYQ
11406;20190329;48PYQ
11407;20190324;48PYQ
11408;20190324;48PYQ
11409;20190319;48PYQ
11410;20190314;48PYQ
11411;20190309;48PYQ
11412;20190304;48PYQ
11413;20190227;48PYQ
11414;20190222;48PYQ
11415;20190217;48PYQ
11416;20190212;48PYQ
11417;20190207;48PYQ
11418;20190202;48PYQ
11419;20190826;48PYQ
11420;20190821;48PYQ
11421;20190816;48PYQ
11422;20190811;48PYQ
11423;20190806;48PYQ
11424;20190801;48PYQ
11425;20190801;48PYQ
11426;20190528;48PYQ
11427;20190523;48PYQ
11428;20190518;48PYQ
11429;20190518;48PYQ
11430;20190513;48PYQ
11431;20190508;48PYQ
11432;20190503;48PYQ
11433;20190627;48PYQ
11434;20190622;48PYQ
11435;20190617;48PYQ
11436;20190612;48PYQ
11437;20190607;48PYQ
11438;20190602;48PYQ
11439;20190727;48PYQ
11440;20190727;48PYQ
11441;20190722;48PYQ
11442;20190717;48PYQ
11443;20190712;48PYQ
11444;20190707;48PYQ
11445;20190702;48PYQ
11446;20191030;48PYQ
11447;20191025;48PYQ
11448;20191020;48PYQ
11449;20191015;48PYQ
11450;20191010;48PYQ
11451;20191005;48PYQ
11452;20190925;48PYQ
11453;20190920;48PYQ
11454;20190915;48PYQ
11455;20190910;48PYQ
11456;20190905;48PYQ
11457;20191219;48PYQ
11458;20191214;48PYQ
11459;20191209;48PYQ
11460;20191204;48PYQ
11461;20191229;48PYQ
11462;20191224;48PYQ
11463;20190128;48PYQ
11464;20190123;48PYQ
11465;20190118;48PYQ
11466;20190113;48PYQ
11467;20190113;48PYQ
11468;20190108;48PYQ
11469;20190103;48PYQ
11470;20190428;48PYQ
11471;20190423;48PYQ
11472;20190418;48PYQ
11473;20190413;48PYQ
11474;20190408;48PYQ
11475;20190403;48PYQ
11476;20190329;48PXQ
11477;20190327;48PXQ
11478;20190324;48PXQ
11479;20190324;48PXQ
11480;20190322;48PXQ
11481;20190319;48PXQ
11482;20190317;48PXQ
11483;20190314;48PXQ
11484;20190312;48PXQ
11485;20190309;48PXQ
11486;20190304;48PXQ
11487;20190302;48PXQ
11488;20190925;48PXQ
11489;20190923;48PXQ
11490;20190920;48PXQ
11491;20190918;48PXQ
11492;20190915;48PXQ
11493;20190913;48PXQ
11494;20190910;48PXQ
11495;20190908;48PXQ
11496;20190905;48PXQ
11497;20190903;48PXQ
11498;20190928;48PXQ
11499;20190730;48PXQ
11500;20190727;48PXQ
11501;20190727;48PXQ
11502;20190725;48PXQ
11503;20190722;48PXQ
11504;20190720;48PXQ
11505;20190717;48PXQ
11506;20190712;48PXQ
11507;20190710;48PXQ
11508;20190707;48PXQ
11509;20190705;48PXQ
11510;20190702;48PXQ
11511;20190715;48PXQ
11512;20190227;48PXQ
11513;20190225;48PXQ
11514;20190222;48PXQ
11515;20190220;48PXQ
11516;20190217;48PXQ
11517;20190215;48PXQ
11518;20190212;48PXQ
11519;20190210;48PXQ
11520;20190207;48PXQ
11521;20190205;48PXQ
11522;20190202;48PXQ
11523;20190128;48PXQ
11524;20190126;48PXQ
11525;20190123;48PXQ
11526;20190121;48PXQ
11527;20190118;48PXQ
11528;20190116;48PXQ
11529;20190113;48PXQ
11530;20190113;48PXQ
11531;20190111;48PXQ
11532;20190108;48PXQ
11533;20190106;48PXQ
11534;20190103;48PXQ
11535;20190101;48PXQ
11536;20190528;48PXQ
11537;20190526;48PXQ
11538;20190523;48PXQ
11539;20190521;48PXQ
11540;20190518;48PXQ
11541;20190516;48PXQ
11542;20190513;48PXQ
11543;20190511;48PXQ
11544;20190508;48PXQ
11545;20190506;48PXQ
11546;20190503;48PXQ
11547;20190501;48PXQ
11548;20190829;48PXQ
11549;20190826;48PXQ
11550;20190824;48PXQ
11551;20190821;48PXQ
11552;20190819;48PXQ
11553;20190816;48PXQ
11554;20190814;48PXQ
11555;20190811;48PXQ
11556;20190809;48PXQ
11557;20190806;48PXQ
11558;20190804;48PXQ
11559;20190801;48PXQ
11560;20190801;48PXQ
11561;20190428;48PXQ
11562;20190426;48PXQ
11563;20190423;48PXQ
11564;20190421;48PXQ
11565;20190418;48PXQ
11566;20190416;48PXQ
11567;20190413;48PXQ
11568;20190411;48PXQ
11569;20190408;48PXQ
11570;20190406;48PXQ
11571;20190403;48PXQ
11572;20190401;48PXQ
11573;20191227;48PXQ
11574;20191219;48PXQ
11575;20191217;48PXQ
11576;20191214;48PXQ
11577;20191212;48PXQ
11578;20191209;48PXQ
11579;20191207;48PXQ
11580;20191204;48PXQ
11581;20191202;48PXQ
11582;20191229;48PXQ
11583;20191224;48PXQ
11584;20191222;48PXQ
11585;20191030;48PXQ
11586;20191028;48PXQ
11587;20191025;48PXQ
11588;20191023;48PXQ
11589;20191020;48PXQ
11590;20191018;48PXQ
11591;20191015;48PXQ
11592;20191013;48PXQ
11593;20191010;48PXQ
11594;20191008;48PXQ
11595;20191005;48PXQ
11596;20191003;48PXQ
11597;20190627;48PXQ
11598;20190625;48PXQ
11599;20190622;48PXQ
11600;20190620;48PXQ
11601;20190617;48PXQ
11602;20190615;48PXQ
11603;20190612;48PXQ
11604;20190610;48PXQ
11605;20190607;48PXQ
11606;20190605;48PXQ
11607;20190602;48PXQ
11608;20191129;48PXQ
11609;20191127;48PXQ
11610;20191124;48PXQ
11611;20191122;48PXQ
11612;20191119;48PXQ
11613;20191117;48PXQ
11614;20191114;48PXQ
11615;20191112;48PXQ
11616;20191109;48PXQ
11617;20191107;48PXQ
11618;20191104;48PXQ
11725;20190225;48PXV
11726;20190220;48PXV
11727;20190215;48PXV
11728;20190210;48PXV
11729;20190205;48PXV
11921;20191030;48PYT
12044;20190222;48PYT
12112;20191003;48PWB
12185;20190225;48PWB
12186;20190223;48PWB
12187;20190220;48PWB
12188;20190218;48PWB
12189;20190215;48PWB
12190;20190213;48PWB
12191;20190210;48PWB
12192;20190210;48PWB
12193;20190208;48PWB
12194;20190205;48PWB
12195;20190203;48PWB
12441;20191005;48PXS
12442;20191003;48PXS
13351;20180227;48PYR
13352;20180222;48PYR
13353;20180217;48PYR
13354;20180212;48PYR
13355;20180207;48PYR
13356;20180202;48PYR
13357;20180528;48PYR
13358;20180523;48PYR
13359;20180518;48PYR
13360;20180513;48PYR
13361;20180508;48PYR
13362;20180727;48PYR
13363;20180722;48PYR
13364;20180712;48PYR
13365;20180707;48PYR
13366;20181129;48PYR
13367;20181124;48PYR
13368;20181119;48PYR
13369;20181114;48PYR
13370;20181109;48PYR
13371;20181104;48PYR
13372;20181229;48PYR
13373;20181224;48PYR
13374;20181219;48PYR
13375;20181214;48PYR
13376;20181209;48PYR
13377;20181204;48PYR
13378;20180329;48PYR
13379;20180324;48PYR
13380;20180319;48PYR
13381;20180314;48PYR
13382;20180309;48PYR
13383;20180304;48PYR
13384;20180627;48PYR
13385;20180622;48PYR
13386;20180617;48PYR
13387;20180612;48PYR
13388;20180607;48PYR
13389;20180602;48PYR
13390;20180826;48PYR
13391;20180821;48PYR
13392;20180816;48PYR
13393;20180811;48PYR
13394;20180806;48PYR
13395;20180801;48PYR
13396;20180925;48PYR
13397;20180915;48PYR
13398;20180910;48PYR
13399;20180905;48PYR
13400;20181030;48PYR
13401;20181025;48PYR
13402;20181020;48PYR
13403;20181015;48PYR
13404;20181015;48PYR
13405;20181010;48PYR
13406;20181005;48PYR
13407;20180428;48PYR
13408;20180423;48PYR
13409;20180418;48PYR
13410;20180413;48PYR
13411;20180408;48PYR
13412;20180403;48PYR
13413;20180128;48PYR
13414;20180118;48PYR
13415;20180113;48PYR
13416;20180108;48PYR
13417;20180123;48PYR
13418;20180103;48PYR
13861;20181129;48PYQ
13862;20181124;48PYQ
13863;20181119;48PYQ
13864;20181114;48PYQ
13865;20181109;48PYQ
13866;20181104;48PYQ
13867;20181104;48PYQ
13868;20180329;48PYQ
13869;20180324;48PYQ
13870;20180319;48PYQ
13871;20180314;48PYQ
13872;20180309;48PYQ
13873;20180304;48PYQ
13874;20180227;48PYQ
13875;20180222;48PYQ
13876;20180217;48PYQ
13877;20180212;48PYQ
13878;20180207;48PYQ
13879;20180202;48PYQ
13880;20180202;48PYQ
13881;20180826;48PYQ
13882;20180821;48PYQ
13883;20180816;48PYQ
13884;20180811;48PYQ
13885;20180806;48PYQ
13886;20180801;48PYQ
13887;20180528;48PYQ
13888;20180523;48PYQ
13889;20180518;48PYQ
13890;20180513;48PYQ
13891;20180508;48PYQ
13892;20180627;48PYQ
13893;20180622;48PYQ
13894;20180617;48PYQ
13895;20180612;48PYQ
13896;20180607;48PYQ
13897;20180602;48PYQ
13898;20180727;48PYQ
13899;20180722;48PYQ
13900;20180722;48PYQ
13901;20180712;48PYQ
13902;20180707;48PYQ
13903;20181030;48PYQ
13904;20181025;48PYQ
13905;20181020;48PYQ
13906;20181015;48PYQ
13907;20181010;48PYQ
13908;20181005;48PYQ
13909;20180925;48PYQ
13910;20180915;48PYQ
13911;20180910;48PYQ
13912;20180905;48PYQ
13913;20181229;48PYQ
13914;20181224;48PYQ
13915;20181219;48PYQ
13916;20181214;48PYQ
13917;20181209;48PYQ
13918;20181204;48PYQ
13919;20180128;48PYQ
13920;20180118;48PYQ
13921;20180113;48PYQ
13922;20180108;48PYQ
13923;20180428;48PYQ
13924;20180423;48PYQ
13925;20180418;48PYQ
13926;20180408;48PYQ
13927;20180403;48PYQ
13928;20180413;48PYQ
13929;20180329;48PXQ
13930;20180327;48PXQ
13931;20180324;48PXQ
13932;20180322;48PXQ
13933;20180319;48PXQ
13934;20180317;48PXQ
13935;20180314;48PXQ
13936;20180312;48PXQ
13937;20180309;48PXQ
13938;20180307;48PXQ
13939;20180304;48PXQ
13940;20180302;48PXQ
13941;20180928;48PXQ
13942;20180925;48PXQ
13943;20180918;48PXQ
13944;20180915;48PXQ
13945;20180913;48PXQ
13946;20180910;48PXQ
13947;20180908;48PXQ
13948;20180905;48PXQ
13949;20180903;48PXQ
13950;20180730;48PXQ
13951;20180727;48PXQ
13952;20180725;48PXQ
13953;20180722;48PXQ
13954;20180722;48PXQ
13955;20180720;48PXQ
13956;20180715;48PXQ
13957;20180712;48PXQ
13958;20180710;48PXQ
13959;20180707;48PXQ
13960;20180705;48PXQ
13961;20180227;48PXQ
13962;20180225;48PXQ
13963;20180222;48PXQ
13964;20180220;48PXQ
13965;20180217;48PXQ
13966;20180215;48PXQ
13967;20180212;48PXQ
13968;20180210;48PXQ
13969;20180207;48PXQ
13970;20180202;48PXQ
13971;20180202;48PXQ
13972;20180128;48PXQ
13973;20180126;48PXQ
13974;20180126;48PXQ
13975;20180121;48PXQ
13976;20180118;48PXQ
13977;20180113;48PXQ
13978;20180111;48PXQ
13979;20180111;48PXQ
13980;20180108;48PXQ
13981;20180106;48PXQ
13982;20180101;48PXQ
13983;20180528;48PXQ
13984;20180523;48PXQ
13985;20180521;48PXQ
13986;20180518;48PXQ
13987;20180516;48PXQ
13988;20180513;48PXQ
13989;20180511;48PXQ
13990;20180508;48PXQ
13991;20180506;48PXQ
13992;20180501;48PXQ
13993;20180526;48PXQ
13994;20180829;48PXQ
13995;20180826;48PXQ
13996;20180824;48PXQ
13997;20180821;48PXQ
13998;20180819;48PXQ
13999;20180816;48PXQ
14000;20180814;48PXQ
14001;20180811;48PXQ
14002;20180809;48PXQ
14003;20180806;48PXQ
14004;20180804;48PXQ
14005;20180801;48PXQ
14006;20180428;48PXQ
14007;20180426;48PXQ
14008;20180423;48PXQ
14009;20180421;48PXQ
14010;20180418;48PXQ
14011;20180416;48PXQ
14012;20180413;48PXQ
14013;20180411;48PXQ
14014;20180408;48PXQ
14015;20180406;48PXQ
14016;20180403;48PXQ
14017;20180401;48PXQ
14018;20181229;48PXQ
14019;20181227;48PXQ
14020;20181224;48PXQ
14021;20181222;48PXQ
14022;20181219;48PXQ
14023;20181217;48PXQ
14024;20181214;48PXQ
14025;20181212;48PXQ
14026;20181209;48PXQ
14027;20181207;48PXQ
14028;20181204;48PXQ
14029;20181202;48PXQ
14030;20181030;48PXQ
14031;20181028;48PXQ
14032;20181025;48PXQ
14033;20181023;48PXQ
14034;20181020;48PXQ
14035;20181015;48PXQ
14036;20181013;48PXQ
14037;20181010;48PXQ
14038;20181008;48PXQ
14039;20181005;48PXQ
14040;20181003;48PXQ
14041;20181018;48PXQ
14042;20180627;48PXQ
14043;20180625;48PXQ
14044;20180622;48PXQ
14045;20180620;48PXQ
14046;20180617;48PXQ
14047;20180615;48PXQ
14048;20180612;48PXQ
14049;20180610;48PXQ
14050;20180607;48PXQ
14051;20180605;48PXQ
14052;20180602;48PXQ
14053;20181129;48PXQ
14054;20181127;48PXQ
14055;20181127;48PXQ
14056;20181124;48PXQ
14057;20181122;48PXQ
14058;20181119;48PXQ
14059;20181117;48PXQ
14060;20181114;48PXQ
14061;20181112;48PXQ
14062;20181109;48PXQ
14063;20181107;48PXQ
14064;20181104;48PXQ
14065;20181104;48PXQ
14066;20181102;48PXQ
14974;20150820;48PWQ
14976;20151128;48PWT
14981;20150929;48PWT
14983;20150820;48PWT
14987;20151115;48PYS
14989;20150820;48PWA
14997;20151022;48PWA
14998;20151128;48PWA
14999;20151118;48PXU
15002;20150810;48PXU
15009;20150909;48PXU
15011;20150810;48PXR
15020;20151115;48PXR
15021;20151128;48PXR
15023;20150909;48PXR
15033;20151128;48PVT
15035;20150820;48PVT
15037;20150929;48PVT
15039;20151115;48PYR
15040;20151225;48PYR
15041;20151205;48PYR
15042;20151205;48PYR
15043;20150820;48PWR
15048;20151128;48PWR
15050;20150909;48PWR
15051;20150929;48PWR
15053;20151118;48PWU
15055;20150909;48PWU
15057;20150810;48PWU
15066;20151128;48PWV
15068;20150929;48PWV
15076;20150820;48PWV
15078;20151128;48PXT
15079;20151115;48PXT
15086;20150810;48PXT
15088;20150909;48PXT
15090;20151115;48PYQ
15091;20151205;48PYQ
15092;20151205;48PYQ
15093;20150909;48PXQ
15094;20150820;48PXQ
15095;20150810;48PXQ
15096;20151218;48PXQ
15097;20151205;48PXQ
15098;20151115;48PXQ
15099;20150919;48PWS
15105;20151128;48PWS
15107;20150820;48PWS
15109;20150929;48PXV
15111;20151128;48PXV
15119;20150820;48PXV
15121;20150929;48PVU
15123;20151022;48PVU
15130;20150810;48PVU
15132;20151118;48PVU
15139;20150929;48PYT
15141;20151128;48PYT
15144;20150820;48PYT
15146;20151022;48PWB
15148;20150909;48PWB
15155;20150810;48PWB
15158;20150820;48PVV
15169;20151128;48PVV
15171;20150929;48PVV
15178;20150820;48PXS
15180;20151128;48PXS
15181;20151115;48PXS
15183;20150919;48PXS
15777;20170227;48PYR
15778;20170207;48PYR
15779;20170217;48PYR
15780;20170518;48PYR
15781;20170528;48PYR
15782;20170508;48PYR
15783;20170717;48PYR
15784;20170712;48PYR
15785;20170727;48PYR
15786;20170722;48PYR
15787;20170707;48PYR
15788;20171129;48PYR
15789;20171119;48PYR
15790;20171114;48PYR
15791;20171109;48PYR
15792;20171124;48PYR
15793;20171104;48PYR
15794;20171229;48PYR
15795;20171224;48PYR
15796;20171219;48PYR
15797;20171209;48PYR
15798;20171204;48PYR
15799;20171214;48PYR
15800;20170319;48PYR
15801;20170329;48PYR
15802;20170309;48PYR
15803;20170627;48PYR
15804;20170607;48PYR
15805;20170617;48PYR
15806;20170826;48PYR
15807;20170826;48PYR
15808;20170821;48PYR
15809;20170806;48PYR
15810;20170801;48PYR
15811;20170816;48PYR
15812;20170811;48PYR
15813;20170915;48PYR
15814;20170910;48PYR
15815;20170910;48PYR
15816;20170925;48PYR
15817;20170920;48PYR
15818;20170905;48PYR
15819;20171030;48PYR
15820;20171025;48PYR
15821;20171020;48PYR
15822;20171005;48PYR
15823;20171015;48PYR
15824;20171010;48PYR
15825;20170408;48PYR
15826;20170428;48PYR
15827;20170418;48PYR
15828;20170128;48PYR
15829;20170118;48PYR
15830;20170108;48PYR
16158;20171129;48PYQ
16159;20171119;48PYQ
16160;20171114;48PYQ
16161;20171109;48PYQ
16162;20170319;48PYQ
16163;20170227;48PYQ
16164;20170207;48PYQ
16165;20170826;48PYQ
16166;20170821;48PYQ
16167;20170806;48PYQ
16168;20170806;48PYQ
16169;20170801;48PYQ
16170;20170518;48PYQ
16171;20170627;48PYQ
16172;20170607;48PYQ
16173;20170717;48PYQ
16174;20170712;48PYQ
16175;20171030;48PYQ
16176;20171025;48PYQ
16177;20171020;48PYQ
16178;20171005;48PYQ
16179;20171005;48PYQ
16180;20170915;48PYQ
16181;20170915;48PYQ
16182;20170910;48PYQ
16183;20171229;48PYQ
16184;20171224;48PYQ
16185;20171219;48PYQ
16186;20171209;48PYQ
16187;20171204;48PYQ
16188;20170128;48PYQ
16189;20170118;48PYQ
16190;20170108;48PYQ
16191;20170428;48PYQ
16192;20170408;48PYQ
16193;20170322;48PXQ
16194;20170319;48PXQ
16195;20170312;48PXQ
16196;20170302;48PXQ
16197;20170928;48PXQ
16198;20170923;48PXQ
16199;20170915;48PXQ
16200;20170915;48PXQ
16201;20170910;48PXQ
16202;20170908;48PXQ
16203;20170903;48PXQ
16204;20170918;48PXQ
16205;20170913;48PXQ
16206;20170730;48PXQ
16207;20170725;48PXQ
16208;20170720;48PXQ
16209;20170717;48PXQ
16210;20170712;48PXQ
16211;20170710;48PXQ
16212;20170715;48PXQ
16213;20170705;48PXQ
16214;20170227;48PXQ
16215;20170220;48PXQ
16216;20170210;48PXQ
16217;20170207;48PXQ
16218;20170128;48PXQ
16219;20170111;48PXQ
16220;20170101;48PXQ
16221;20170118;48PXQ
16222;20170108;48PXQ
16223;20170518;48PXQ
16224;20170511;48PXQ
16225;20170501;48PXQ
16226;20170521;48PXQ
16227;20170829;48PXQ
16228;20170826;48PXQ
16229;20170821;48PXQ
16230;20170819;48PXQ
16231;20170814;48PXQ
16232;20170806;48PXQ
16233;20170806;48PXQ
16234;20170801;48PXQ
16235;20170824;48PXQ
16236;20170809;48PXQ
16237;20170804;48PXQ
16238;20170428;48PXQ
16239;20170421;48PXQ
16240;20170411;48PXQ
16241;20170408;48PXQ
16242;20170401;48PXQ
16243;20171229;48PXQ
16244;20171224;48PXQ
16245;20171222;48PXQ
16246;20171219;48PXQ
16247;20171217;48PXQ
16248;20171212;48PXQ
16249;20171209;48PXQ
16250;20171204;48PXQ
16251;20171202;48PXQ
16252;20171227;48PXQ
16253;20171207;48PXQ
16254;20171030;48PXQ
16255;20171025;48PXQ
16256;20171020;48PXQ
16257;20171018;48PXQ
16258;20171013;48PXQ
16259;20171005;48PXQ
16260;20171005;48PXQ
16261;20171028;48PXQ
16262;20171023;48PXQ
16263;20171008;48PXQ
16264;20171003;48PXQ
16265;20170627;48PXQ
16266;20170620;48PXQ
16267;20170607;48PXQ
16268;20170610;48PXQ
16269;20171129;48PXQ
16270;20171127;48PXQ
16271;20171122;48PXQ
16272;20171119;48PXQ
16273;20171114;48PXQ
16274;20171112;48PXQ
16275;20171109;48PXQ
16276;20171107;48PXQ
16277;20171102;48PXQ
16278;20171117;48PXQ
16279;20171117;48PXQ
16346;20171028;48PXV
16960;20160317;48PWQ
16999;20160307;48PWT
17024;20160314;48PYS
17026;20160920;48PYS
17040;20160213;48PYS
17041;20160923;48PWA
17048;20160916;48PWA
17057;20160817;48PWA
17058;20160817;48PWA
17100;20160618;48PWA
17101;20160618;48PWA
17104;20160130;48PWA
17108;20160317;48PWA
17134;20160317;48PXU
17155;20160107;48PXU
17162;20161119;48PXU
17180;20160923;48PXU
17183;20160920;48PXU
17198;20160602;48PXR
17217;20160107;48PXR
17222;20161119;48PXR
17230;20160317;48PXR
17281;20160130;48PVT
17287;20160317;48PVT
17308;20160213;48PYR
17309;20160523;48PYR
17310;20160513;48PYR
17311;20160503;48PYR
17312;20160722;48PYR
17313;20160712;48PYR
17314;20160702;48PYR
17315;20161119;48PYR
17316;20161109;48PYR
17317;20161129;48PYR
17318;20161229;48PYR
17319;20161219;48PYR
17320;20161209;48PYR
17321;20160324;48PYR
17322;20160314;48PYR
17323;20160304;48PYR
17324;20160304;48PYR
17325;20160622;48PYR
17326;20160612;48PYR
17327;20160602;48PYR
17328;20160821;48PYR
17329;20160811;48PYR
17330;20160801;48PYR
17331;20160910;48PYR
17332;20160920;48PYR
17333;20161020;48PYR
17334;20161010;48PYR
17335;20160423;48PYR
17336;20160413;48PYR
17337;20160403;48PYR
17338;20160104;48PYR
17339;20160124;48PYR
17340;20160114;48PYR
17370;20160317;48PWR
17371;20160307;48PWR
17388;20160307;48PWU
17393;20160923;48PWU
17435;20160817;48PUV
17440;20160130;48PUV
17449;20160307;48PWV
17463;20160923;48PWV
17478;20160317;48PXT
17479;20160307;48PXT
17501;20160107;48PXT
17542;20161119;48PYQ
17543;20161109;48PYQ
17544;20160304;48PYQ
17545;20160304;48PYQ
17546;20160821;48PYQ
17547;20160801;48PYQ
17548;20160513;48PYQ
17549;20160622;48PYQ
17550;20160602;48PYQ
17551;20160712;48PYQ
17552;20161030;48PYQ
17553;20161020;48PYQ
17554;20161020;48PYQ
17555;20160910;48PYQ
17556;20161229;48PYQ
17557;20161219;48PYQ
17558;20161209;48PYQ
17559;20160104;48PYQ
17560;20160403;48PYQ
17561;20160317;48PXQ
17562;20160304;48PXQ
17563;20160923;48PXQ
17564;20160913;48PXQ
17565;20160910;48PXQ
17566;20160903;48PXQ
17567;20160725;48PXQ
17568;20160715;48PXQ
17569;20160712;48PXQ
17570;20160216;48PXQ
17571;20160117;48PXQ
17572;20160104;48PXQ
17573;20160526;48PXQ
17574;20160513;48PXQ
17575;20160506;48PXQ
17576;20160824;48PXQ
17577;20160821;48PXQ
17578;20160814;48PXQ
17579;20160804;48PXQ
17580;20160801;48PXQ
17581;20160426;48PXQ
17582;20160416;48PXQ
17583;20160403;48PXQ
17584;20161229;48PXQ
17585;20161219;48PXQ
17586;20161212;48PXQ
17587;20161209;48PXQ
17588;20161202;48PXQ
17589;20161030;48PXQ
17590;20161023;48PXQ
17591;20161020;48PXQ
17592;20161020;48PXQ
17593;20161013;48PXQ
17594;20161003;48PXQ
17595;20160625;48PXQ
17596;20160622;48PXQ
17597;20160615;48PXQ
17598;20160602;48PXQ
17599;20161122;48PXQ
17600;20161119;48PXQ
17601;20161112;48PXQ
17602;20161109;48PXQ
17603;20161102;48PXQ
17604;20160317;48PWS
17612;20160107;48PWS
17635;20160307;48PXV
17637;20160923;48PXV
17683;20160130;48PVU
17713;20160317;48PVU
17767;20161119;48PYT
17782;20160317;48PYT
17791;20160213;48PYT
17809;20160608;48PWB
17810;20160605;48PWB
17830;20160107;48PWB
17836;20160926;48PWB
17850;20160307;48PWB
17866;20160817;48PWB
17909;20160307;48PVV
17919;20160107;48PVV
17935;20160926;48PVV
17958;20160107;48PXS
17967;20160314;48PXS
17996;20161119;48PXS
18001;20160920;48PXS
